row,track_idx,status,error
393,0,no_preview,
393,1,no_preview,
393,2,no_preview,
393,5,no_preview,
393,6,no_preview,
393,7,no_preview,
393,8,no_preview,
393,10,no_preview,
393,11,no_preview,
393,12,no_preview,
393,14,no_preview,
444,15,no_preview,
444,16,no_preview,
444,17,no_preview,
444,18,no_preview,
444,20,no_preview,
444,21,no_preview,
496,2,no_preview,
496,6,no_preview,
496,12,no_preview,
496,15,no_preview,
549,1,no_preview,
649,6,no_preview,
829,1,no_preview,
829,6,no_preview,
934,0,no_preview,
970,0,download_failed,"HTTP 200, 10 bytes"
1208,4,no_preview,
1305,6,no_preview,
1465,0,no_preview,
1465,1,no_preview,
1520,27,no_preview,
1792,13,too_short,4.0 s
1890,10,no_preview,
2032,22,no_preview,
2054,15,no_preview,
2054,16,no_preview,
2109,0,no_preview,
2109,1,no_preview,
2109,4,no_preview,
2109,5,no_preview,
2109,8,no_preview,
2181,3,no_preview,
2181,6,no_preview,
2234,14,no_preview,
2303,16,no_preview,
2367,7,no_preview,
2367,9,no_preview,
2367,10,no_preview,
2367,11,no_preview,
2412,9,no_preview,
2540,11,no_preview,
2542,4,no_preview,
2542,6,no_preview,
2574,5,no_preview,
2616,15,no_preview,
2625,13,no_preview,
2722,0,too_short,4.6 s
2734,12,no_preview,
2795,13,no_preview,
2795,14,no_preview,
2830,4,no_preview,
2886,2,too_short,4.0 s
3056,12,no_preview,
3134,0,no_preview,
3178,0,no_preview,
3178,12,no_preview,
3178,16,no_preview,
3516,0,no_preview,
3517,5,no_preview,
3517,6,no_preview,
4024,3,no_preview,
4059,2,no_preview,
4106,5,no_preview,
4106,26,no_preview,
4106,34,no_preview,
