row,title,artist,override,source,chosen_id,chosen_title,chosen_artist,score,runner_up_title,runner_up_artist,runner_up_score,reason
5,Loveless,My Bloody Valentine,0,,,,,,,,,no candidate
43,F♯A♯∞,Godspeed You Black Emperor!,0,,,,,,,,,no candidate
76,Liquid Swords,Genius/GZA,0,,,,,,Legend of the Liquid Sword,GZA,0.676,best candidate below the floor (0.68)
226,Live at the Fillmore East,Hendrix,0,,,,,,,,,no candidate
232,Expensive Shit,Fela Ransome Kuti & Africa 70,0,,,,,,,,,no candidate
291,The Great Santa Barbara Oil Slick,John Fahey,0,,,,,,,,,no candidate
311,The Legend of Zelda [Ocarina of Time],近藤浩治 [Koji Kondo],0,,,,,,,,,no candidate
354,Super Mario Galaxy,Mario Galaxy Orchestra,0,,,,,,Super Mario Galaxy Main Theme (Epic Version),L'Orchestra Cinematique,0.627,best candidate below the floor (0.63)
359,Symphonie Nr.5,Wiener Philharmoniker / Carlos Kleiber,0,,,,,,Mahler: Symphony No.5,Wiener Philharmoniker,0.701,best candidate below the floor (0.70)
368,加爾基 精液 栗ノ花 (Kalk samen kuri no hana),椎名林檎 [Sheena Ringo],0,,,,,,,,,no candidate
379,Before the Dawn,The KT Fellowship,0,,,,,,,,,no candidate
385,Scriabin Recital,Vladimir Sofronitsky,0,,,,,,,,,no candidate
401,Symphonie Nr. 5,Berliner Philharmoniker / Herbert von Karajan,0,,,,,,Tchaikovsky: Symphony No. 5,Berliner Philharmoniker,0.692,best candidate below the floor (0.69)
419,At Carnegie Hall,Thelonious Monk Quartet With John Coltrane,0,,,,,,,,,no candidate
432,Chrono Cross,Yasunori Mitsuda,0,,,,,,Chrono Trigger (Original Soundtrack) [DS Version],Yasunori Mitsuda,0.682,best candidate below the floor (0.68)
463,Symphonic Suite AKIRA,Geinoh Yamashirogumi,0,,,,,,,,,no candidate
477,Astigmatic,Komeda Quintet,0,,,,,,,,,no candidate
544,Past Lives,Black Sabbath,0,,,,,,Paranoid (Live),Black Sabbath,0.591,best candidate below the floor (0.59)
553,Live on the Moon,King Krule,0,,,,,,,,,no candidate
572,Live at Hammersmith Odeon,Black Sabbath,0,,,,,,,,,no candidate
590,Last Concert,Ground-Zero,0,,,,,,,,,no candidate
636,Maiden England,Iron Maiden,0,,,,,,,,,no candidate
659,Endless,Frank Ocean,0,,,,,,,,,no candidate
712,Hayalet Islığı,Farazi v Kayra,0,,,,,,Hayalet Islığı (Instrumentals) [10th Year Edition 2023 Remastered],Farazi,0.600,best candidate below the floor (0.60)
719,Bloodborne,Ryan Amon,0,,,,,,,,,no candidate
753,勝訴ストリップ (Shōso Strip),椎名林檎 [Sheena Ringo],0,,,,,,,,,no candidate
771,The Nutcracker,Kirov Orchestra / Valery Gergiev,0,,,,,,,,,no candidate
819,Anthology,John Lennon,0,,,,,,,,,no candidate
849,Super Mario Galaxy 2,Mario Galaxy Orchestra,0,,,,,,,,,no candidate
892,The Grand Wazoo,The Mothers,0,,,,,,,,,no candidate
946,Gentleman,Fela Ransome Kuti & The Afrika 70,0,,,,,,,,,no candidate
953,Yanqui U.X.O.,Godspeed You! Black Emperor,0,,,,,,,,,no candidate
976,Symphonie Nr. 7,Berliner Philharmoniker / Herbert von Karajan,0,,,,,,Mahler: Symphony No. 7,Berliner Philharmoniker,0.701,best candidate below the floor (0.70)
985,Live at Raji's,The Dream Syndicate,0,,,,,,,,,no candidate
1024,3rd,Big Star,0,,,,,,,,,no candidate
1051,"""X""",Klaus Schulze,0,,,,,,,,,no candidate
1058,Super Mario 64,近藤浩治 [Koji Kondo],0,,,,,,,,,no candidate
1134,Live and Let Die,Kool G. Rap & D.J. Polo,0,,,,,,Live And Let Die (Trap Cover Version) - Single,Trap Geek,0.502,best candidate below the floor (0.50)
1254,Red Burns,Standing on the Corner,0,,,,,,,,,no candidate
1311,Machine Gun,The Peter Brötzmann Octet,0,,,,,,,,,no candidate
1320,À l'Olympia,Jacques Brel,0,,,,,,Entre deux (À l'Olympia) [Live],Patrick Bruel,0.521,best candidate below the floor (0.52)
1321,Scheherazade,Chicago Symphony / Fritz Reiner,0,,,,,,,,,no candidate
1333,Concerto No. 1,RCA Victor Symphony Orchestra / Kirill Kondrashin / Van Cliburn,0,,,,,,,,,no candidate
1346,Fallout,Mark Morgan,0,,,,,,,,,no candidate
1524,Trout Mask Replica,Captain Beefheart & His Magic Band,0,,,,,,,,,no candidate
1531,OFF,Alias Conrad Coldwood,0,,,,,,,,,no candidate
1553,Bridges,Gil Scott-Heron & Brian Jackson,0,,,,,,,,,no candidate
1614,12:5,Pain of Salvation,0,,,,,,,,,no candidate
1663,The New Order,Testament,0,,,,,,,,,no candidate
1717,Strange Times,The Chameleons,0,,,,,,,,,no candidate
1759,Foi um rio que passou em minha vida,Paulinho da Viola,0,,,,,,,,,no candidate
1782,Showcase,Black Uhuru,0,,,,,,,,,no candidate
1821,The Dealer,Chico Hamilton introducing Larry Coryell,0,,,,,,,,,no candidate
1839,Piano Bass Drums,The Necks,0,,,,,,,,,no candidate
1877,Cantar,Gal Costa,0,,,,,,,,,no candidate
1884,'Allelujah! Don't Bend! Ascend!,Godspeed You! Black Emperor,0,,,,,,,,,no candidate
1892,Funcrusher Plus,Company Flow,0,,,,,,,,,no candidate
1974,N° 4,Jacques Brel,0,,,,,,,,,no candidate
1986,The Peel Sessions,Can,0,,,,,,,,,no candidate
2008,Nowhere,Ride,0,,,,,,,,,no candidate
2023,Grim Fandango,Peter McConnell,0,,,,,,,,,no candidate
2116,On the Run,Tommy Wright III,0,,,,,,,,,no candidate
2119,Never,Think Again,0,,,,,,,,,no candidate
2146,Vol. 3,Pappo's Blues,0,,,,,,,,,no candidate
2201,Complete Orchestral Works,Orquesta Sinfónica de Galicia / José Ramón Encinar,0,,,,,,,,,no candidate
2258,Tupelo Honey,Van Morrison,0,,,,,,,,,no candidate
2321,cLOUDDEAD,cLOUDDEAD,0,,,,,,,,,no candidate
2365,Chill Out,The KLF,1,,,,,,,,,no candidate
2377,Quarteto Nôvo,Quarteto Nôvo,0,,,,,,Quero um Novo Lar,Quarteto Athus,0.579,best candidate below the floor (0.58)
2411,Bleeding,Psychotic Waltz,0,,,,,,,,,no candidate
2489,Volume 3,Chico Buarque de Hollanda,0,,,,,,,,,no candidate
2498,Keasbey Nights,Catch Twenty-Two,0,,,,,,,,,no candidate
2678,Streams,Sam Rivers,0,,,,,,Streams (Live At The Montreux Jazz Festival / 1973),Sam Rivers,0.694,best candidate below the floor (0.69)
2710,Government Commissions: BBC Sessions 1996-2003,Mogwai,0,,,,,,,,,no candidate
2747,2,Frumpy,0,,,,,,,,,no candidate
2755,Energy,Operation Ivy,0,,,,,,,,,no candidate
2785,Ample Destruction,Jag Panzer,0,,,,,,,,,no candidate
2791,Hell III,Hell,0,,,,,,,,,no candidate
2794,Black Monk Time,Monks,0,,,,,,,,,no candidate
2814,Ezz-thetics,George Russell Sextet,0,,,,,,,,,no candidate
2861,European Echoes,Manfred Schoof,0,,,,,,,,,no candidate
2863,Девушки поют,"АукцЫон [Auktyon], Marc Ribot, John Medeski, Ned Rothenberg, Frank London & Владимир Волков [Vladimir Volkov]",0,,,,,,,,,no candidate
2943,In the Rectory of the Bizarre Reverend,Reverend Bizarre,0,,,,,,In the Rectory Of (German Version),Reverend Bizarre,0.718,best candidate below the floor (0.72)
2981,A Social Grace,Psychotic Waltz,0,,,,,,,,,no candidate
3140,Wanted: Dead or Alive,Kool G Rap & DJ Polo,0,,,,,,,,,no candidate
3172,"Italyan, Rum Casusu Çikti",Elio e le Storie Tese,0,,,,,,,,,no candidate
3176,Godspelized,David S. Ware Quartet,0,,,,,,,,,no candidate
3206,Fifth Angel,Fifth Angel,0,,,,,,Fifth Harmony,Fifth Harmony,0.645,best candidate below the floor (0.64)
3278,N° 5,Jacques Brel,0,,,,,,,,,no candidate
3351,Aquatic,The Necks,0,,,,,,,,,no candidate
3412,Vol. 5: Dil Cosby Suite,Beat Konducta,0,,,,,,,,,no candidate
3421,Prison,Steven Jesse Bernstein,0,,,,,,,,,no candidate
3442,Focus II,Focus,0,,,,,,FOCUS (NLF ii D),Boi Focus 3.0,0.669,best candidate below the floor (0.67)
3478,Possession,God,0,,,,,,,,,no candidate
3498,The Tokyo Blues,The Horace Silver Quintet,0,,,,,,,,,no candidate
3519,Ornette!,The Ornette Coleman Quartet,0,,,,,,,,,no candidate
3540,Di Melo,Di Melo,0,,,,,,,,,no candidate
3586,Bill Fay,Bill Fay,0,,,,,,,,,no candidate
3631,Music,Axe,1,,,,,,,,,no candidate
3651,Naughty Boys,Y.M.O.,0,,,,,,,,,no candidate
3673,Mournin',Night Sun,0,,,,,,Sunday Mourning,Night Beats,0.613,best candidate below the floor (0.61)
3689,Jerusalem,Sleep,0,,,,,,,,,no candidate
3789,Into the Everflow,Psychotic Waltz,0,,,,,,,,,no candidate
3796,So Far,Bob Theil,0,,,,,,,,,no candidate
3845,Sleeping With the Enemy,Paris,0,,,,,,,,,no candidate
3855,Uneven Compromise,Lil Ugly Mane,0,,,,,,,,,no candidate
3859,Fugazi,Fugazi,0,,,,,,,,,no candidate
3867,Minor Threat,Minor Threat,0,,,,,,,,,no candidate
3871,Mercyful Fate,Mercyful Fate,0,,,,,,,,,no candidate
3878,Fall,Ride,0,,,,,,,,,no candidate
3879,The Modern Age,The Strokes,0,,,,,,,,,no candidate
3881,Dark & Long,Underworld,1,,,,,,,,,no candidate
3891,Crucify,Tori Amos,0,,,,,,,,,no candidate
3895,Glider,My Bloody Valentine,0,,,,,,,,,no candidate
3900,Demo?,Brave Little Abacus,0,,,,,,,,,no candidate
3924,The Last Dance,Disco Inferno,0,,,,,,,,,no candidate
3930,Murderer,Low,0,,,,,,,,,no candidate
3949,Mutiny!,The Birthday Party,0,,,,,,,,,no candidate
3960,V Empire or Dark Faerytales in Phallustein,Cradle of Filth,0,,,,,,,,,no candidate
3966,Our Color Green (The Singles),Glassjaw,0,,,,,,,,,no candidate
3969,Death Valley '69,Sonic Youth & Lydia Lunch,0,,,,,,"Death Valley '69 (Live in Brooklyn, Ny)",Sonic Youth,0.698,best candidate below the floor (0.70)
3977,The Walk,The Cure,0,,,,,,,,,no candidate
3990,Reject 2,Conway,0,,,,,,,,,no candidate
3995,Golpes Bajos,Golpes Bajos,0,,,,,,,,,no candidate
3996,Scratch Acid,Scratch Acid,0,,,,,,,,,no candidate
3997,Wall of Voodoo,Wall of Voodoo,0,,,,,,,,,no candidate
4038,Dark Angel,SpaceGhoztPurrp,0,,,,,,,,,no candidate
4042,Pick Your King E.P.,Poison Idea,0,,,,,,,,,no candidate
4074,Thug Angel,Black Kray,0,,,,,,,,,no candidate
4076,Floss,Injury Reserve,0,,,,,,,,,no candidate
4081,ANTIHYPETRAIN,Замай [Zamay] & Слава КПСС [Slava KPSS],0,,,,,,,,,no candidate
4099,Gimix,The Avalanches,1,,,,,,,,,no candidate
4101,Old School,DJ Screw,0,,,,,,,,,no candidate
4103,June 27th,DJ Screw,0,,,,,,,,,no candidate
4105,Immer,Michael Mayer,0,,,,,,,,,no candidate
4107,Vaultage 002,Space Laces,0,,,,,,,,,no candidate
4108,Lift Your Skinny Fists Like Antennas to Heaven!,Godspeed You Black Emperor!,0,,,,,,,,,no candidate
