rym_id,supply,elsewhere
Album19972,Nothing yet: a release group was chosen by hand and waits for the Cover Art Archive to answer (`scripts/caa_hand.py`),"Yes: on the Cover Art Archive, if the group has a front image"
Album85121,Nothing yet: a release group was chosen by hand and waits for the Cover Art Archive to answer (`scripts/caa_hand.py`),"Yes: on the Cover Art Archive, if the group has a front image"
sp:3jbnkGDaYChChu5Cs8LEvD,Nothing yet: a release group was chosen by hand and waits for the Cover Art Archive to answer (`scripts/caa_hand.py`),"Yes: on the Cover Art Archive, if the group has a front image"
Album35127,Nothing yet: a release group was chosen by hand and waits for the Cover Art Archive to answer (`scripts/caa_hand.py`),"Yes: on the Cover Art Archive, if the group has a front image"
sp:3DCQhS6eII8WUExSzdN9sE,Nothing yet: a release group was chosen by hand and waits for the Cover Art Archive to answer (`scripts/caa_hand.py`),"Yes: on the Cover Art Archive, if the group has a front image"
sp:1DqmjjZWSoD8786dZ0mHWV,Nothing yet: a release group was chosen by hand and waits for the Cover Art Archive to answer (`scripts/caa_hand.py`),"Yes: on the Cover Art Archive, if the group has a front image"
Album30493,Nothing yet: a release group was chosen by hand and waits for the Cover Art Archive to answer (`scripts/caa_hand.py`),"Yes: on the Cover Art Archive, if the group has a front image"
Album8618385,Nothing yet: a release group was chosen by hand and waits for the Cover Art Archive to answer (`scripts/caa_hand.py`),"Yes: on the Cover Art Archive, if the group has a front image"
Album4409218,Nothing yet: a release group was chosen by hand and waits for the Cover Art Archive to answer (`scripts/caa_hand.py`),"Yes: on the Cover Art Archive, if the group has a front image"
Album17734,Nothing yet: a release group was chosen by hand and waits for the Cover Art Archive to answer (`scripts/caa_hand.py`),"Yes: on the Cover Art Archive, if the group has a front image"
Album284901,Nothing yet: a release group was chosen by hand and waits for the Cover Art Archive to answer (`scripts/caa_hand.py`),"Yes: on the Cover Art Archive, if the group has a front image"
Album191296,Nothing yet: a release group was chosen by hand and waits for the Cover Art Archive to answer (`scripts/caa_hand.py`),"Yes: on the Cover Art Archive, if the group has a front image"
Album3738010,Nothing yet: a release group was chosen by hand and waits for the Cover Art Archive to answer (`scripts/caa_hand.py`),"Yes: on the Cover Art Archive, if the group has a front image"
Album288172,Nothing yet: a release group was chosen by hand and waits for the Cover Art Archive to answer (`scripts/caa_hand.py`),"Yes: on the Cover Art Archive, if the group has a front image"
Album16860421,Nothing yet: a release group was chosen by hand and waits for the Cover Art Archive to answer (`scripts/caa_hand.py`),"Yes: on the Cover Art Archive, if the group has a front image"
Album130513,Nothing yet: a release group was chosen by hand and waits for the Cover Art Archive to answer (`scripts/caa_hand.py`),"Yes: on the Cover Art Archive, if the group has a front image"
Album498571,Nothing yet: a release group was chosen by hand and waits for the Cover Art Archive to answer (`scripts/caa_hand.py`),"Yes: on the Cover Art Archive, if the group has a front image"
Album4994419,Nothing yet: a release group was chosen by hand and waits for the Cover Art Archive to answer (`scripts/caa_hand.py`),"Yes: on the Cover Art Archive, if the group has a front image"
Album489755,An image file of the 1991 CD's sleeve (the group chosen by hand had no front image when looked up),"Yes: a commercial CD (VGMdb, Discogs)"
Album3526976,Nothing yet: a release group was chosen by hand and waits for the Cover Art Archive to answer (`scripts/caa_hand.py`),"Yes: on the Cover Art Archive, if the group has a front image"
Album182773,Nothing yet: a release group was chosen by hand and waits for the Cover Art Archive to answer (`scripts/caa_hand.py`),"Yes: on the Cover Art Archive, if the group has a front image"
Album5303265,Nothing yet: a release group was chosen by hand and waits for the Cover Art Archive to answer (`scripts/caa_hand.py`),"Yes: on the Cover Art Archive, if the group has a front image"
Album1946575,Nothing yet: a release group was chosen by hand and waits for the Cover Art Archive to answer (`scripts/caa_hand.py`),"Yes: on the Cover Art Archive, if the group has a front image"
Album1710075,Nothing yet: a release group was chosen by hand and waits for the Cover Art Archive to answer (`scripts/caa_hand.py`),"Yes: on the Cover Art Archive, if the group has a front image"
Album8860242,Nothing yet: a release group was chosen by hand and waits for the Cover Art Archive to answer (`scripts/caa_hand.py`),"Yes: on the Cover Art Archive, if the group has a front image"
Album240461,Nothing yet: a release group was chosen by hand and waits for the Cover Art Archive to answer (`scripts/caa_hand.py`),"Yes: on the Cover Art Archive, if the group has a front image"
Album118151,Nothing yet: a release group was chosen by hand and waits for the Cover Art Archive to answer (`scripts/caa_hand.py`),"Yes: on the Cover Art Archive, if the group has a front image"
Album1298555,Nothing yet: a release group was chosen by hand and waits for the Cover Art Archive to answer (`scripts/caa_hand.py`),"Yes: on the Cover Art Archive, if the group has a front image"
Album633682,Nothing yet: a release group was chosen by hand and waits for the Cover Art Archive to answer (`scripts/caa_hand.py`),"Yes: on the Cover Art Archive, if the group has a front image"
Album209766,Nothing yet: a release group was chosen by hand and waits for the Cover Art Archive to answer (`scripts/caa_hand.py`),"Yes: on the Cover Art Archive, if the group has a front image"
Album16150201,Nothing yet: a release group was chosen by hand and waits for the Cover Art Archive to answer (`scripts/caa_hand.py`),"Yes: on the Cover Art Archive, if the group has a front image"
Album3399788,Nothing yet: a release group was chosen by hand and waits for the Cover Art Archive to answer (`scripts/caa_hand.py`),"Yes: on the Cover Art Archive, if the group has a front image"
Album16352063,Nothing yet: a release group was chosen by hand and waits for the Cover Art Archive to answer (`scripts/caa_hand.py`),"Yes: on the Cover Art Archive, if the group has a front image"
Album8882429,Nothing yet: a release group was chosen by hand and waits for the Cover Art Archive to answer (`scripts/caa_hand.py`),"Yes: on the Cover Art Archive, if the group has a front image"
sp:4QsYvbpqj1FC6jQGYG6pPB,"Which record this is: a Spotify link, or its RYM page","Unclear: MusicBrainz has only a 2005 bootleg of this name, so there may be no official sleeve"
sp:5gD4BU64TwXSUldt6tD9H9,"A yes or no: is it the 2011 box set ""This Mortal Coil""? If yes, its MusicBrainz group 08e679c4 goes in `covers_caa.csv`; otherwise a Spotify link",Yes: the box set's sleeve is on the Cover Art Archive
sp:7nThwEV875rviPzMvWcWkC,"An image file of the mixtape's art (or a Spotify link, if it has a release there)","Plausibly: a self-released mixtape, its art is on the mixtape and streaming pages; no official sleeve on MusicBrainz"
Album15464374,"A yes or no: is it the 2022 vinyl ""Gift of Gabriel: Rain's Reign!"" (MusicBrainz ca995a84)? And an image file: that release had no image","Plausibly: a limited vinyl, pictured on Discogs or the label's shop"
Album7109737,An image file of the sleeve,"Yes: a commercial CD (the catalog's SoundCloud set, Discogs); MusicBrainz has the album and no image"
Album138357,An image file of the LP sleeve,Yes: a Deutsche Grammophon LP (Discogs); the likely MusicBrainz release has no image
Album2770134,An image file of the 1950 Capitol LP sleeve,"Yes: on Discogs; MusicBrainz has only the 1993 CD reissue, with another sleeve"
