rym_id,source,ref,note
Album11172630,youtube,z9KfvYVSfHY,"a ""FULL ALBUM"" card over the picture (no. 31 of docs/review/youtube-covers.jpg; owner, 6 October 2026)"
Album288172,youtube,L__jruvYuCg,"sheet music (no. 43 of docs/review/youtube-covers.jpg; owner, 6 October 2026)"
Album1955989,youtube,cfMwxKQ-F74,"track-list text on black (no. 155 of docs/review/youtube-covers.jpg; owner, 6 October 2026)"
Album669174,youtube,1ZvWOxR48Fw,"a near-black frame (no. 166 of docs/review/youtube-covers.jpg; owner, 6 October 2026)"
Album1710075,youtube,bx9jcWvAJyc,"a near-black frame with small text (no. 174 of docs/review/youtube-covers.jpg; owner, 6 October 2026)"
Album16401981,youtube,JU0m5VsaWaM,"a near-blank frame (no. 202 of docs/review/youtube-covers.jpg; owner, 6 October 2026)"
Album118151,youtube,J35iWAYFqMw,"a near-black frame with small text (no. 212 of docs/review/youtube-covers.jpg; owner, 6 October 2026)"
Album92046,youtube,K7L3ZlkJT8M,"a near-black frame with small text (no. 226 of docs/review/youtube-covers.jpg; owner, 6 October 2026)"
Album3925371,youtube,4IcQLsOwiVk,"a near-blank frame with a few marks (no. 251 of docs/review/youtube-covers.jpg; owner, 6 October 2026)"
Album1690519,youtube,pR6Cs267orI,"a near-blank frame with a few marks (no. 269 of docs/review/youtube-covers.jpg; owner, 6 October 2026)"
Album4493018,youtube,nNk4d2HDre4,"a near-blank frame with a few marks (no. 347 of docs/review/youtube-covers.jpg; owner, 6 October 2026)"
sp:3DCQhS6eII8WUExSzdN9sE,caa,ccdcf53e-fe7b-4ee2-b820-0f8ae9436839,"the sleeve reads ""The Great West Side Story"", an undated release group: not the 1961 film soundtrack (no. 25 of docs/review/caa-covers.jpg; first review, 6 October 2026)"
