rym_id,stage,source,ref,outcome,reason,mb_title,mb_artist,mb_year,mb_type,score,queries
Album11046,refs,spotify,,failed,no thumbnail in Spotify's answer,,,,,,
Album11982529,refs,bandcamp,,failed,the page's host is not on the allow-list,,,,,,
Album12096,refs,spotify,,failed,no thumbnail in Spotify's answer,,,,,,
Album138213,refs,bandcamp,,failed,HTTP 404,,,,,,
Album138213,refs,spotify,,failed,no thumbnail in Spotify's answer,,,,,,
Album15020780,refs,bandcamp,,failed,the page's host is not on the allow-list,,,,,,
Album15364688,refs,spotify,,failed,no thumbnail in Spotify's answer,,,,,,
Album15481333,refs,bandcamp,,failed,the page's host is not on the allow-list,,,,,,
Album17704,refs,bandcamp,,failed,HTTP 404,,,,,,
Album18712,refs,bandcamp,,failed,the page's host is not on the allow-list,,,,,,
Album191734,refs,bandcamp,,failed,HTTP 404,,,,,,
Album194982,refs,bandcamp,,failed,HTTP 404,,,,,,
Album309905,refs,spotify,,failed,no thumbnail in Spotify's answer,,,,,,
Album3952959,refs,store,,failed,the store has no cover for the album's listings,,,,,,
Album402155,refs,bandcamp,,failed,HTTP 404,,,,,,
Album4455223,refs,bandcamp,,failed,the page's host is not on the allow-list,,,,,,
Album493977,refs,spotify,,failed,no thumbnail in Spotify's answer,,,,,,
Album5606317,refs,bandcamp,,failed,the page's host is not on the allow-list,,,,,,
Album5882664,refs,bandcamp,,failed,the page's host is not on the allow-list,,,,,,
Album6003237,refs,bandcamp,,failed,the page's host is not on the allow-list,,,,,,
Album6106747,refs,bandcamp,,failed,the page's host is not on the allow-list,,,,,,
Album6193160,refs,bandcamp,,failed,the page's host is not on the allow-list,,,,,,
Album6273664,refs,spotify,,failed,no thumbnail in Spotify's answer,,,,,,
Album6504051,refs,bandcamp,,failed,the page's host is not on the allow-list,,,,,,
Album6966278,refs,bandcamp,,failed,the page's host is not on the allow-list,,,,,,
Album7735045,refs,bandcamp,,failed,HTTP 404,,,,,,
Album7796521,refs,bandcamp,,failed,HTTP 404,,,,,,
Album9446198,refs,bandcamp,,failed,the page's host is not on the allow-list,,,,,,
Album11172663,sprites,youtube,47inX4pyMZY,gone,HTTP 404,,,,,,
Album117717,sprites,youtube,8V4qCXlB1XY,gone,HTTP 404,,,,,,
Album1298555,sprites,youtube,k5ykiaNFS8I,gone,HTTP 404,,,,,,
Album1421694,sprites,youtube,hTeVG6hmTLQ,gone,HTTP 404,,,,,,
Album146772,sprites,youtube,FDE6EfruFuI,gone,HTTP 404,,,,,,
Album173796,sprites,youtube,dEmwGZXa0LE,gone,HTTP 404,,,,,,
Album182773,sprites,youtube,6SPTwffvSHg,gone,HTTP 404,,,,,,
Album1946575,sprites,youtube,qB5UK5bOG3I,gone,HTTP 404,,,,,,
Album209766,sprites,youtube,4mHrYNZqWLk,gone,HTTP 404,,,,,,
Album2137634,sprites,youtube,SvvSrIpxBWQ,gone,HTTP 404,,,,,,
Album226884,sprites,youtube,ajMM5Plq0SU,gone,HTTP 404,,,,,,
Album402155,sprites,youtube,IU5v5WwrFLk,gone,HTTP 404,,,,,,
Album41471,sprites,youtube,Wx1ihpoiBlA,gone,HTTP 404,,,,,,
Album4409218,sprites,youtube,Sp5Zxhxocz0,gone,HTTP 404,,,,,,
Album4994419,sprites,youtube,2BRbm0yezNk,gone,HTTP 404,,,,,,
Album5608936,sprites,youtube,esyPXwBxLms,gone,HTTP 404,,,,,,
Album698040,sprites,youtube,8O1lhPELaG0,gone,HTTP 404,,,,,,
Album7796521,sprites,youtube,OU9sbOEEQeE,gone,HTTP 404,,,,,,
Album8017628,sprites,youtube,m0nIVGoFh8I,gone,HTTP 404,,,,,,
Album829172,sprites,youtube,1CNGeMT8PE0,gone,HTTP 404,,,,,,
Album8860242,sprites,youtube,Zk4bmqSeqbM,gone,HTTP 404,,,,,,
Album8882429,sprites,youtube,imZ6rTgETWU,gone,HTTP 404,,,,,,
Album10232364,caa,caa,f6d84bd0-41ed-480e-8c9b-8c52282e2942,found,,Draw,Draw the Emotional,2018,Album,100,1
Album103270,caa,caa,eabb992e-57b3-414d-bbc0-ee0bb61b4b20,found,,Historic Performances Recorded at the Monterey International Pop Festival,Otis Redding / The Jimi Hendrix Experience,1970,Album+Live,100,2
Album10517459,caa,caa,85e17261-6268-4b48-90ff-adde40abbc7f,found,,Plok!,Tim Follin & Geoff Follin,2020,Album+Soundtrack,100,1
Album107168,caa,caa,c8882b3a-ba00-3d8d-8ce6-639313dee7fd,found,,Drive By,The Necks,2003,Album,100,1
Album10966557,caa,caa,dc89ff5b-7d81-4091-9ad4-ffadd427344f,found,,Moondiver,東京酒吐座,2019,Album,100,2
Album110962,caa,caa,7648ecbf-0071-3a83-8213-a8c364e6f36e,found,,Prison,Steven “Jesse” Bernstein,1992,Album,100,1
Album1115450,caa,caa,55b1383d-7138-39ff-a617-1131ff78d85c,found,,Rock Dream,Boris with Merzbow,2007,Album+Live,100,1
Album11172630,caa,caa,36fecdb7-ed18-4afe-84c0-f10f8068f618,found,,Sarhoş Palavraları ve Nahoş Nidalar,Farazi V Kayra,2007,Album,100,1
Album11172663,caa,caa,a23e3802-6daa-4711-9ece-469ef2351191,found,,Sarhoş Palavraları ve Bekar Evinde Kör Sinekler,Farazi V Kayra,2008,Album,100,1
Album117717,caa,caa,349f4fe1-4241-3996-ac7b-3e7a7f6726ed,found,,Flight of the Griffin,Griffin,1984,Album,100,1
Album118151,caa,caa,,none,"search 1: 0 release group(s); search 2: 0 release group(s); search 3: 25 release group(s), 25 with another artist",,,,,100,3
Album129553,caa,caa,78bb7d78-6164-36d1-a0ea-948fbf911af5,found,,Aquatic,The Necks,1994,Album,100,1
Album129555,caa,caa,13ac3a21-a1d3-342e-a44e-76aac70f2436,found,,Piano Bass Drums,The Necks,1998,Album+Live,100,1
Album129557,caa,caa,f6eed6a8-74d5-3902-9ced-3ed9a00c336c,found,,Hanging Gardens,The Necks,1999,Album,100,1
Album1298555,caa,caa,,none,search 1: 0 release group(s); search 2: 0 release group(s); search 3: 0 release group(s); search 4: 0 release group(s),,,,,0,4
Album130513,caa,caa,,none,search 1: 0 release group(s); search 2: 0 release group(s),,,,,0,2
Album13835,caa,caa,9409f833-e5cd-3cf6-8540-d1d9e27ed262,found,,V,Spock’s Beard,2000,Album,100,1
Album138357,caa,caa,,none,search 1: 0 release group(s); search 2: 0 release group(s); search 3: 0 release group(s),,,,,0,3
Album14207,caa,caa,a415fc9b-1516-303e-b354-fc3a5b269f1b,found,,Chill Out,The KLF,1990,Album,100,1
Album1421694,caa,caa,dd72a35b-4448-4321-b63b-876b2f18b14f,found,,Exuviate,Exuviate,2000,Album,100,1
Album145410,caa,caa,f58a26e0-b1ef-36e5-8069-7138da9c2370,found,,"Early Minimalism, Volume One",Tony Conrad,1996,Album,100,1
Album146772,caa,caa,b1f7e538-22a3-3d03-ae15-dca63b132b59,found,,Tragedy,Disclose,1994,Album,100,1
Album14740076,caa,caa,0b19b409-e352-409f-92fe-66a66201749b,found,,"SOGW2: ""Estee Nack & The Order of The Golden Fleece""",Estee Nack,2022,Album,100,2
Album15232219,caa,caa,1276c24d-7cc9-47cb-b42c-dc1ee6dbc5b1,found,,Thank God for Drugs,SimpleJosh,2022,Album+Remix,100,1
Album15464374,caa,caa,,none,search 1: 0 release group(s); search 2: 0 release group(s),,,,,0,2
Album16150201,caa,caa,,none,"search 1: 0 release group(s); search 2: 13 release group(s), 3 with another artist, 10 with another title",,,,,100,2
Album16352063,caa,caa,,none,"search 1: 0 release group(s); search 2: 0 release group(s); search 3: 1 release group(s), 1 with another artist; search 4: 19 release group(s), 3 with another artist, 16 with another title",,,,,100,4
Album16401981,caa,caa,ab16a443-147e-4720-82cb-203f4c23e70a,found,,4k god projected on the smoldering ashes,death’s dynamic shroud.wmv,2025,Album+Mixtape/Street,100,1
Album16860421,caa,caa,,none,search 1: 0 release group(s); search 2: 0 release group(s),,,,,0,2
Album1690519,caa,caa,9350f649-f16d-4dea-89d1-aee2168a2576,found,,"Voice, Books and FIRE 3",Jakob Ullmann,2008,Album,100,2
Album1710075,caa,caa,,none,search 1: 0 release group(s); search 2: 0 release group(s),,,,,0,2
Album173243,caa,caa,3e715ed0-2f24-3afe-b96e-14fddf89beb5,found,,パーフェクト・ブルー,幾見雅博,1998,Album+Soundtrack,100,3
Album173796,caa,caa,089155c5-5d1b-3e6a-a94b-075b6b1e9f46,found,,First Depression,Depressive Age,1992,Album,100,1
Album17734,caa,caa,,none,search 1: 0 release group(s); search 2: 0 release group(s),,,,,0,2
Album179959,caa,caa,c3ed63f1-79d8-3673-8769-9c85de7d8776,found,,Live,High Rise,1994,Album+Live,100,1
Album1820,caa,caa,fe507dc9-8bd8-32f5-8b79-a74bfa53b452,found,,Entreat,The Cure,1989,Album+Live,100,1
Album182773,caa,caa,,none,search 1: 0 release group(s); search 2: 0 release group(s),,,,,0,2
Album191296,caa,caa,,none,search 1: 0 release group(s); search 2: 0 release group(s),,,,,0,2
Album193869,caa,caa,419c8269-4b1c-37c7-a9b8-12453c449ecd,found,,One,Neal Morse,2004,Album,100,1
Album1946575,caa,caa,,none,"search 1: 2 release group(s), 1 with another year, 1 with another title; search 2: 0 release group(s); search 3: 2 release group(s), 1 with another year, 1 with another title; search 4: 0 release group(s)",,,,,100,4
Album1955989,caa,caa,87ed1812-6269-4ed2-a087-724545c87889,found,,AFTER 5 CLASH,角松敏生,1984,Album,100,2
Album19972,caa,caa,,none,"search 1: 2 release group(s), 2 with another title; search 2: 0 release group(s); search 3: 25 release group(s), 16 with another artist, 9 with another title",,,,,100,3
Album2036970,caa,caa,85b3eb3c-b712-3ab8-b602-b4a561e69f38,found,,Midtown 120 Blues,DJ Sprinkles,2009,Album,100,1
Album209766,caa,caa,,none,search 1: 0 release group(s); search 2: 0 release group(s),,,,,0,2
Album2137634,caa,caa,064cf571-301e-3310-b2d3-d66cdf57efae,found,,보편적인 노래,브로콜리 너마저,2008,Album,100,4
Album2178744,caa,caa,e1d9e842-56c4-4aed-8db8-1f287debb0e8,found,,Da Budet,Psykovsky,2009,Album,100,1
Album2182656,caa,caa,71f02aef-8f52-3171-8b5e-86607e156b7d,found,,Völkerball,Rammstein,2006,Album+Live,100,1
Album226884,caa,caa,c7b39cf5-25c9-4afb-ab6c-040f826ae5e9,found,,Bäbi,Milford Graves,1977,Album,100,1
Album239973,caa,caa,c4652d07-5ac7-3264-a355-93eb43eee488,found,,The Great Lost Kinks Album,The Kinks,1973,Album+Compilation,100,1
Album240461,caa,caa,,none,"search 1: 0 release group(s); search 2: 0 release group(s); search 3: 3 release group(s), 3 with another title; search 4: 25 release group(s), 25 with another title",,,,,100,4
Album244941,caa,caa,b0a1513e-078d-3ed1-a0fd-c93e70f84170,found,,Silent Hill,Akira Yamaoka,1999,Album+Soundtrack,100,1
Album2560,caa,caa,c2c0e5e7-dc91-3e4e-b5bf-a26f06328926,found,,Tupelo Honey,Van Morrison,1971,Album,100,1
Album256025,caa,caa,76c92168-039c-31c0-a965-bb6f9fc43968,found,,On the Run,Tommy Wright III,1996,Album,100,1
Album2620305,caa,caa,83e5548b-a37a-48f5-ac1e-4310c5128101,found,,너희가 재앙을 만날 때에 내가 웃을 것이며 너희에게 두려움이 임할 때에 내가 비웃으리라 (잠언 1:26),불싸조,2006,Album,100,1
Album2770134,caa,caa,,none,search 1: 0 release group(s); search 2: 0 release group(s),,,,,0,2
Album2798277,caa,caa,f8602a08-d43b-4734-b059-bf43a24fde0c,found,,The Inside Room,40 Watt Sun,2011,Album,100,1
Album280331,caa,caa,a1a4fa78-f815-37f8-8329-908132b02620,found,,Consume Red,GROUND-ZERO,1997,Album,100,1
Album284901,caa,caa,,none,"search 1: 0 release group(s); search 2: 0 release group(s); search 3: 18 release group(s), 4 with another artist, 14 with another title",,,,,100,3
Album28663,caa,caa,6a028d19-2683-38de-84cf-9d36ec3cfdd7,found,,Live at Winterland,The Jimi Hendrix Experience,1987,Album+Live,100,1
Album288172,caa,caa,,none,"search 1: 0 release group(s); search 2: 0 release group(s); search 3: 0 release group(s); search 4: 0 release group(s); search 5: 1 release group(s), 1 with another year; search 6: 7 release group(s), 2 with another year, 5 with another title",,,,,100,6
Album292201,caa,caa,6f1b786c-f459-3eef-b4b0-8b44095ec36f,found,,Symphonic Suite AKIRA,芸能山城組,1988,Album+Soundtrack,100,2
Album29700,caa,caa,fc110738-c096-3a4d-bfad-a75163580508,found,,The Jimi Hendrix Concerts,Jimi Hendrix,1982,Album+Live,100,1
Album30493,caa,caa,,none,"search 1: 1 release group(s), 1 with another year; search 2: 25 release group(s), 2 with another title, 23 with another artist",,,,,100,2
Album32101,caa,caa,fe6582ce-f943-4d2c-82bd-77da93a2f304,found,,Yeni Bir Gün,Barış Manço & Kurtalan Ekspres,1979,Album,100,1
Album3399788,caa,caa,,none,"search 1: 0 release group(s); search 2: 0 release group(s); search 3: 1 release group(s), 1 with another title; search 4: 0 release group(s); search 5: 1 release group(s), 1 with another title; search 6: 0 release group(s)",,,,,100,6
Album35127,caa,caa,,none,"search 1: 15 release group(s), 15 with another title; search 2: 0 release group(s); search 3: 25 release group(s), 2 with another artist, 23 with another title",,,,,100,3
Album3526976,caa,caa,,none,search 1: 0 release group(s); search 2: 0 release group(s); search 3: 0 release group(s),,,,,0,3
Album3593353,caa,caa,60412b41-65af-4aa8-8838-15c6b57c45fc,found,,SPACY,山下達郎,1977,Album,100,1
Album359498,caa,caa,3a2b52ef-9ce5-330a-b9e0-87199b968fcf,found,,千年女優,平沢進,2002,Album+Soundtrack,100,1
Album3738010,caa,caa,,none,"search 1: 1 release group(s), 1 with another artist; search 2: 1 release group(s), 1 with another artist; search 3: 1 release group(s), 1 with another artist",,,,,100,3
Album378122,caa,caa,eb5d9b77-4b54-4b6a-a719-3deb2f2537bc,found,,Return Visit to Rock Mass,Maher Shalal Hash Baz,1996,Album,100,1
Album390129,caa,caa,3acd3854-a52a-3768-a656-5325fee882bc,found,,Magia obłoków,Marek Grechuta,1974,Album,100,1
Album3925371,caa,caa,3edb3dad-3eff-4b4a-9408-0544970068f2,found,,Fremde Zeit Addendum,Jakob Ullmann,2012,Album,100,1
Album39581,caa,caa,5d8b1b17-ddd8-3fad-9c69-28401da19d44,found,,Live at the Fillmore East,Jimi Hendrix,1999,Album+Live,100,1
Album3971841,caa,caa,30992faa-082d-4e4b-b105-8f18f90c33e8,found,,MOONGLOW,山下達郎,1979,Album,98,2
Album398888,caa,caa,2cd70770-6489-3fef-831a-95ce2941ca7f,found,,?,Neal Morse,2005,Album,100,1
Album402155,caa,caa,efbe99ed-0bfe-3712-bf92-954e4fdf7e8b,found,,De Natura Daemonum,Mortem,2005,Album,100,1
Album4101473,caa,caa,0ebb8c9d-ae7f-49da-8f8f-98e758bbec1d,found,,POCKET MUSIC,山下達郎,1986,Album,100,1
Album41471,caa,caa,717079a5-68e9-3de2-bc1e-4a7124d1784c,found,,The Voice of the Eagle,Robbie Basho,1972,Album,100,1
Album418426,caa,caa,0e5961f0-f264-46dd-8ee5-5ac013355bcc,found,,Oktophonie,Karlheinz Stockhausen,1994,Album,100,1
Album4409218,caa,caa,,none,search 1: 0 release group(s); search 2: 0 release group(s),,,,,0,2
Album44288,caa,caa,e439da32-efd3-3774-8b90-94f710facb13,found,,The Old Kit Bag,Richard Thompson,2003,Album,100,1
Album4493018,caa,caa,3aabe994-0130-4529-9206-aa2fadc06857,found,,Fremde Zeit Addendum 4,Jakob Ullmann,2013,Album,100,2
Album4594304,caa,caa,f0caca66-c2a3-4f9b-b11c-7a280bc6f267,found,,OFF,Alias Conrad Coldwood,2008,Album+Soundtrack,100,1
Album4646221,caa,caa,b2fc935c-b52a-4839-9412-f6157b54d744,found,,Not Here / Not Now,Swans,2013,Album+Live,100,1
Album489755,caa,caa,,none,"search 1: 0 release group(s); search 2: 0 release group(s); search 3: 0 release group(s); search 4: 0 release group(s); search 5: 3 release group(s), 1 with another artist, 2 with another title; search 6: 25 release group(s), 5 with another artist, 20 with another title",,,,,100,6
Album498571,caa,caa,,none,"search 1: 0 release group(s); search 2: 0 release group(s); search 3: 0 release group(s); search 4: 8 release group(s), 8 with another title; search 5: 25 release group(s), 3 with another year, 22 with another title",,,,,100,5
Album4994419,caa,caa,,none,search 1: 0 release group(s); search 2: 0 release group(s); search 3: 0 release group(s); search 4: 0 release group(s); search 5: 0 release group(s),,,,,0,5
Album51315,caa,caa,f46669fd-4ce1-31b4-9f59-6bfb445046ae,found,,Sonic Seasonings,Wendy Carlos,1972,Album,100,1
Album5200146,caa,caa,5ab9596b-f2df-4dcb-b778-f2188c7c99c8,found,,0%,青葉市子,2014,Album+Live,100,1
Album5303265,caa,caa,,none,search 1: 0 release group(s); search 2: 0 release group(s),,,,,0,2
Album5608936,caa,caa,646b0788-df08-4935-887c-edf5cb976840,found,,Big Wave,Tats Yamashita,1984,Album+Soundtrack,100,1
Album569217,caa,caa,b32db96f-eb4d-35e0-99d0-be62f8307f86,found,,Fifth Angel,Fifth Angel,1986,Album,100,1
Album597878,caa,caa,5f20ad51-50e2-4dfb-913b-42ce8312d7ac,found,,Routes Not Roots,K-S.H.E.,2006,Album,100,1
Album6301821,caa,caa,47f99156-d423-36a0-a6ea-3b0bf6e6d767,found,,僕の中の少年,山下達郎,1988,Album,100,1
Album633682,caa,caa,,none,"search 1: 0 release group(s); search 2: 0 release group(s); search 3: 0 release group(s); search 4: 0 release group(s); search 5: 1 release group(s), 1 with another title",,,,,100,5
Album633771,caa,caa,702de139-4508-3423-a817-4d811413b7ac,found,,Banjo‐Kazooie,Grant Kirkhope,1998,Album+Soundtrack,100,1
Album652413,caa,caa,129a4ebb-edc5-40cc-b9a0-f0d6d86668d7,found,,So Far,Bob Theil,1982,Album,100,1
Album65885,caa,caa,8b6c9835-060e-38c7-8f5e-929bd33bd219,found,,Live Four,Coil,2003,Album+Live,100,1
Album6635814,caa,caa,9717f7f2-7c81-43c9-b1cb-413c1aa888ef,found,,The Gate,Swans,2015,Album+Live,100,1
Album669174,caa,caa,cdce839f-4672-30dc-b4eb-97eb5a63e7cb,found,,River of Corticone,Sacramentary Abolishment,1996,Album,100,1
Album6966278,caa,caa,182c42e5-5bbb-468a-9581-315b7cee43b2,found,,ホログラムを登る男,平沢進,2015,Album,100,1
Album698040,caa,caa,3c44a57a-bf49-476b-a003-5aee3d174cbe,found,,Bali Barong,Gede Manik,1975,Album,100,1
Album70900,caa,caa,ec02045c-157a-3453-8010-f7219110e2d8,found,,Beauty in the Beast,Wendy Carlos,1986,Album,100,1
Album7109737,caa,caa,6634910d-0849-48c3-a2ea-dc70c658606b,no art,the archive has no image for the release group (HTTP 404),뱅쿠오: 오늘밤 비가 내릴 모양이구나. / 첫번째 암살자: 운명을 받아 들여라.,불싸조,2010,Album,100,1
Album7316527,caa,caa,47a11eea-7236-4d28-a7b1-27f7021b0884,found,,한(국힙)합,불싸조,2016,Album,100,1
Album772221,caa,caa,99f5c21a-61ea-3d97-902a-eedf417aa06e,found,,Last Concert,GROUND-ZERO,1999,Album+Live,100,1
Album7796521,caa,caa,9253ccec-2f9f-43b1-881f-52214e294340,found,,laugh crou,/f,2016,Album,100,1
Album789949,caa,caa,3eb564fc-e527-3c35-b7b8-13bc60a75db9,found,,Live at Hammersmith Odeon,Black Sabbath,2007,Album+Live,100,1
Album8017628,caa,caa,6e83686e-f49c-4950-ab3f-5aad89243cb5,found,,Mouth Moods,Neil Cicierega,2017,Album,100,1
Album829172,caa,caa,a5a28375-f37a-4c9b-8ad1-633069d522da,found,,Rock,Tiny Tim,1993,Album,100,1
Album8352358,caa,caa,5feb62ae-6e5b-4507-975d-1dbd01078353,found,,Dump Gawd: Hommy Edition,Mach‐Hommy,2017,Album,100,1
Album85121,caa,caa,,none,"search 1: 0 release group(s); search 2: 0 release group(s); search 3: 1 release group(s), 1 with another title; search 4: 4 release group(s), 4 with another title; search 5: 25 release group(s), 3 with another artist, 2 with another year, 20 with another title",,,,,100,5
Album8557313,caa,caa,705f83ff-caed-4975-a8c5-7c202bfa3121,found,,Dumpmeister,Mach‐Hommy,2017,Album,100,1
Album8589864,caa,caa,f80ca2d0-a6b7-4ada-8adf-e4eb9ba8a8a7,found,,Luh Hertz,Mach‐Hommy,2017,Album,100,1
Album8618385,caa,caa,,none,"search 1: 0 release group(s); search 2: 25 release group(s), 3 with another artist, 22 with another title",,,,,100,2
Album87901,caa,caa,d2e85c65-fa21-3e96-9d05-8999e51656ae,found,,Sunčana strana ulice,Azra,1981,Album,100,1
Album8860242,caa,caa,,none,search 1: 0 release group(s); search 2: 0 release group(s); search 3: 0 release group(s); search 4: 0 release group(s); search 5: 0 release group(s),,,,,0,5
Album8882429,caa,caa,,none,"search 1: 0 release group(s); search 2: 0 release group(s); search 3: 0 release group(s); search 4: 0 release group(s); search 5: 20 release group(s), 1 with another artist, 19 with another title",,,,,100,5
Album9066870,caa,caa,e2a46794-4265-4a6e-8895-a061b142d24b,found,,ゼルダの伝説 ブレス オブ ザ ワイルド,"片岡真央, 岩田恭明 & 若井淑",2019,Other+Soundtrack,100,3
Album92046,caa,caa,b9ac8f9b-e631-3fba-88cb-be654b3a1be9,found,,悲愴,不失者,1994,Album,100,1
Album9265785,caa,caa,c0dc9feb-d264-476a-b5cf-792192e78549,found,,The Book Beri'ah,John Zorn,2018,Album,100,1
Album9662313,caa,caa,5738a9c2-32ba-4631-bafe-db6e90ecc5f2,found,,Live on the Moon,King Krule,2018,Album+Live,100,1
sp:0S4GSpFXpymljBbOEtZCUX,caa,caa,b589806a-ceda-3f6e-b294-64c2fd78ead4,found,,Minor Threat,Minor Threat,1981,EP,100,1
sp:0XTMPQ2ktKd6GNs7sFXfCC,caa,caa,aa876c87-138c-339b-8176-abacb4e45259,found,,Alive!,KISS,1975,Album+Live,100,1
sp:0Y7ot7awdB33lDUJtqIS6i,caa,caa,5cca5c3c-5c90-39f3-9775-514441f6b4bc,found,,Crucify,Tori Amos,1992,EP,100,1
sp:0ffmwwS9EBmpLAgjblX75O,caa,caa,f2b6b6df-1050-49b4-83e3-b16721f1cd72,found,,RINA,Rina Sawayama,2017,EP,100,1
sp:0vo1E52Ii1yW8aD11Rn7yk,caa,caa,d8a55f84-b2b8-420a-bf45-780b3cf64b02,found,,Strawberry Fields Forever,The Beatles,1967,EP,100,1
sp:10R27xbMQrHEXyvsUXBgTw,caa,caa,7669f38d-8065-3c30-935e-bb459855ce75,found,,Wall of Voodoo,Wall of Voodoo,1980,EP,100,1
sp:12mc6H3V7xyUtxycPiKz88,caa,caa,cf52a715-013d-3c32-9001-9a57ec4cb7d6,found,,"Star Wars, Episode I: The Phantom Menace",John Williams,1999,Album+Soundtrack,100,1
sp:1DqmjjZWSoD8786dZ0mHWV,caa,caa,,none,"search 1: 0 release group(s); search 2: 5 release group(s), 5 with another title; search 3: 25 release group(s), 5 with another artist, 20 with another title",,,,,100,3
sp:1E0g1RP7XJem98VuCtRo8X,caa,caa,f6b32702-4767-38d6-ad8e-e898b3a8a645,found,,Sortilège,Sortilège,1983,EP,100,1
sp:1R0By8YtMv7XTYOc7tKAWu,caa,caa,5ee30721-c0d8-499d-ace2-8d8a326bb614,found,,Everyone Asked About You,Everyone Asked About You,1997,EP,100,1
sp:1SLVua74uCqY1cIO4NxD4S,caa,caa,df30270f-72a6-30ff-b769-a01964dd8d88,found,,The Nerves,The Nerves,1976,EP,100,1
sp:1tCQC9HuRvujLuSe2sgf2S,caa,caa,4161f8df-101f-379f-bd66-e7da11041c8a,found,,Live Cream,Cream,1970,Album+Live,100,1
sp:29PSyE1ZD0XUgqm5yqC33x,caa,caa,eaf8f75a-d85e-4c03-b950-6cd9d0c70ca6,found,,Carmina Burana,"Carl Orff; Gundula Janowitz; Gerhard Stolze; Dietrich Fischer‐Dieskau; Chor und Orchester der Deutschen Oper Berlin, Eugen Jochum",1968,Album,100,2
sp:2AI3nzCa2kgdoiaygVrMIj,caa,caa,89512269-5f00-4216-a896-3083a4c6073a,found,,Demo?,The Brave Little Abacus,2008,EP,100,1
sp:2HGQJZb8cMX6GlLCdNuciB,caa,caa,5be01c92-bb45-326c-9634-badf08f9ad7f,found,,Fugazi,Fugazi,1988,EP,100,1
sp:3DCQhS6eII8WUExSzdN9sE,caa,caa,ccdcf53e-fe7b-4ee2-b820-0f8ae9436839,found,,West Side Story,Various Artists,,Album+Soundtrack,100,1
sp:3OQshkQDiLAMxFKCfw7H6o,caa,caa,0aa6bdbd-b8fe-3640-a14e-5729fecb3d5e,found,,Gimix,The Avalanches,2000,Album+DJ-mix+Mixtape/Street,100,1
sp:3gEqq6EYr32lyb63XEKBqK,caa,caa,e5499f6f-b3b9-3c0c-98da-8d53be41ffbd,found,,Past Lives,Black Sabbath,2002,Album+Compilation+Live,100,1
sp:3jbnkGDaYChChu5Cs8LEvD,caa,caa,,none,"search 1: 8 release group(s), 7 with another title, 1 with another year; search 2: 25 release group(s), 9 with another artist, 15 with another title, 1 with another year",,,,,100,2
sp:3jp2nBhfeHODGumUVPeyHK,caa,caa,bc1d192c-5e81-34a9-9118-3b5a23cdde08,found,,Dark & Long,Underworld,1994,Single,100,1
sp:3uXN2NZ9v0hrKQ5JsJW0Ff,caa,caa,0df36199-98e3-3b2c-88b5-b69fa0ea870b,found,,The Last Dance,Disco Inferno,1993,EP,100,1
sp:3ujWbyBHwZjiA9K9Ti9M0A,caa,caa,d09af259-26d8-3186-95fc-6f9973d758bf,found,,Emperor,Emperor,1993,EP,100,1
sp:40aLMQTxbukx6EckyfWkSM,caa,caa,ee3c3cc5-4274-43b0-bf84-f8b8b773dc5e,found,,Scratch Acid,Scratch Acid,1985,EP,100,1
sp:43lTJdWh1mIO5mnQzJhCrY,caa,caa,a0283406-2e03-4ddb-841c-dc4d8007cf3d,found,,Golpes Bajos,Golpes Bajos,1983,EP,100,1
sp:4Db5w1mFaolDotknFJiteD,caa,caa,1dfe3683-90f0-3959-aa4c-22e3f9a449c8,found,,I,Meshuggah,2004,EP,100,1
sp:4H6JMsvxmh0U7VBYiWiyLa,caa,caa,0608c865-89be-32df-9473-7acbe734f850,found,,Live,AC/DC,1992,Album+Live,100,1
sp:4QsYvbpqj1FC6jQGYG6pPB,caa,caa,,none,"search 1: 1 release group(s), 1 with another year; search 2: 25 release group(s), 25 with another artist",,,,,100,2
sp:4pSCGZfWXF7z8QBwUFZ4eU,caa,caa,6eeb58a5-76b5-3f2b-bc7e-18df72488f8d,found,,12:5,Pain of Salvation,2004,Album+Live,100,1
sp:4uc7axZwgp3TZ8dVLTZrgs,caa,caa,d8cc6e30-a9cf-3965-90da-188e0bd7128c,found,,The Walk,The Cure,1983,Single,100,1
sp:56scO5M9TpZ9ateCi0nmDf,caa,caa,f4bf14a9-cbda-3f0f-934e-d760cd4fcf30,found,,Negative Approach,Negative Approach,1982,EP,100,1
sp:5RRib8eRMf8OthdvJX26iU,caa,caa,7746e70d-85f0-40af-a574-039866f6ec09,found,,Playing the Piano,坂本龍一,2009,Album,100,2
sp:5UDAJbDljEo9F1G6JU80EB,caa,caa,0947d5e6-cdce-3d79-a158-d999bd0746d7,found,,Mutiny,The Birthday Party,1983,EP,100,1
sp:5gD4BU64TwXSUldt6tD9H9,caa,caa,,none,"search 1: 2 release group(s), 2 with another year; search 2: 13 release group(s), 6 with another artist, 2 with another year, 5 with another title",,,,,100,2
sp:5uV5cai6VPXvq9fmtvlRWn,caa,caa,3d303d4a-b91e-3fb6-8f0d-805a290fd153,found,,The Modern Age,The Strokes,2001,EP,100,1
sp:5zK5hMBLhsPSOBkX2LzQX6,caa,caa,fd04d7d5-9c46-31fb-b776-3e14d7d70076,found,,Mercyful Fate,Mercyful Fate,1982,EP,100,1
sp:65AZCCjT1TuGGW7wUWnQop,caa,caa,ed735a32-b042-4de8-9dc1-dbd6f69d8e9e,found,,Scriabin Recital,Alexander Scriabin; Vladimir Sofronitsky,2003,Album,100,1
sp:70qW8u5D3htj4ALS9lDfof,caa,caa,57ebb385-2be4-386a-907b-0cbc7937eb00,found,,Live,Genesis,1973,Album+Live,100,1
sp:7GvIlBDCCgy1xnjpQCLzkY,caa,caa,f19e497d-104a-3cf1-ac26-c802431e3442,found,,Fall,Ride,1990,EP,100,1
sp:7aKzrHCJ0Y5Mdb44uMDakg,caa,caa,782251f4-2a29-39c1-bcac-157cd6972d90,found,,Anthology,John Lennon,1998,Album+Compilation,100,1
sp:7nThwEV875rviPzMvWcWkC,caa,caa,,none,"search 1: 0 release group(s); search 2: 25 release group(s), 25 with another artist",,,,,100,2
