rym_id,mbid,mb_title,mb_artist,mb_year,mb_type,score,matched_by
Album39581,5d8b1b17-ddd8-3fad-9c69-28401da19d44,Live at the Fillmore East,Jimi Hendrix,1999,Album+Live,100,auto
Album29700,fc110738-c096-3a4d-bfad-a75163580508,The Jimi Hendrix Concerts,Jimi Hendrix,1982,Album+Live,100,auto
Album5200146,5ab9596b-f2df-4dcb-b778-f2188c7c99c8,0%,青葉市子,2014,Album+Live,100,auto
sp:65AZCCjT1TuGGW7wUWnQop,ed735a32-b042-4de8-9dc1-dbd6f69d8e9e,Scriabin Recital,Alexander Scriabin; Vladimir Sofronitsky,2003,Album,100,auto
Album28663,6a028d19-2683-38de-84cf-9d36ec3cfdd7,Live at Winterland,The Jimi Hendrix Experience,1987,Album+Live,100,auto
Album292201,6f1b786c-f459-3eef-b4b0-8b44095ec36f,Symphonic Suite AKIRA,芸能山城組,1988,Album+Soundtrack,100,auto
sp:3gEqq6EYr32lyb63XEKBqK,e5499f6f-b3b9-3c0c-98da-8d53be41ffbd,Past Lives,Black Sabbath,2002,Album+Compilation+Live,100,auto
Album9662313,5738a9c2-32ba-4631-bafe-db6e90ecc5f2,Live on the Moon,King Krule,2018,Album+Live,100,auto
Album789949,3eb564fc-e527-3c35-b7b8-13bc60a75db9,Live at Hammersmith Odeon,Black Sabbath,2007,Album+Live,100,auto
Album772221,99f5c21a-61ea-3d97-902a-eedf417aa06e,Last Concert,GROUND-ZERO,1999,Album+Live,100,auto
sp:7aKzrHCJ0Y5Mdb44uMDakg,782251f4-2a29-39c1-bcac-157cd6972d90,Anthology,John Lennon,1998,Album+Compilation,100,auto
Album244941,b0a1513e-078d-3ed1-a0fd-c93e70f84170,Silent Hill,Akira Yamaoka,1999,Album+Soundtrack,100,auto
Album280331,a1a4fa78-f815-37f8-8329-908132b02620,Consume Red,GROUND-ZERO,1997,Album,100,auto
Album4594304,f0caca66-c2a3-4f9b-b11c-7a280bc6f267,OFF,Alias Conrad Coldwood,2008,Album+Soundtrack,100,auto
sp:4pSCGZfWXF7z8QBwUFZ4eU,6eeb58a5-76b5-3f2b-bc7e-18df72488f8d,12:5,Pain of Salvation,2004,Album+Live,100,auto
sp:70qW8u5D3htj4ALS9lDfof,57ebb385-2be4-386a-907b-0cbc7937eb00,Live,Genesis,1973,Album+Live,100,auto
Album129555,13ac3a21-a1d3-342e-a44e-76aac70f2436,Piano Bass Drums,The Necks,1998,Album+Live,100,auto
sp:0XTMPQ2ktKd6GNs7sFXfCC,aa876c87-138c-339b-8176-abacb4e45259,Alive!,KISS,1975,Album+Live,100,auto
sp:4H6JMsvxmh0U7VBYiWiyLa,0608c865-89be-32df-9473-7acbe734f850,Live,AC/DC,1992,Album+Live,100,auto
Album633771,702de139-4508-3423-a817-4d811413b7ac,Banjo‐Kazooie,Grant Kirkhope,1998,Album+Soundtrack,100,auto
Album129557,f6eed6a8-74d5-3902-9ced-3ed9a00c336c,Hanging Gardens,The Necks,1999,Album,100,auto
Album256025,76c92168-039c-31c0-a965-bb6f9fc43968,On the Run,Tommy Wright III,1996,Album,100,auto
Album2560,c2c0e5e7-dc91-3e4e-b5bf-a26f06328926,Tupelo Honey,Van Morrison,1971,Album,100,auto
Album14207,a415fc9b-1516-303e-b354-fc3a5b269f1b,Chill Out,The KLF,1990,Album,100,auto
sp:3DCQhS6eII8WUExSzdN9sE,ccdcf53e-fe7b-4ee2-b820-0f8ae9436839,West Side Story,Various Artists,,Album+Soundtrack,100,auto
Album179959,c3ed63f1-79d8-3673-8769-9c85de7d8776,Live,High Rise,1994,Album+Live,100,auto
Album398888,2cd70770-6489-3fef-831a-95ce2941ca7f,?,Neal Morse,2005,Album,100,auto
sp:5RRib8eRMf8OthdvJX26iU,7746e70d-85f0-40af-a574-039866f6ec09,Playing the Piano,坂本龍一,2009,Album,100,auto
Album569217,b32db96f-eb4d-35e0-99d0-be62f8307f86,Fifth Angel,Fifth Angel,1986,Album,100,auto
Album13835,9409f833-e5cd-3cf6-8540-d1d9e27ed262,V,Spock’s Beard,2000,Album,100,auto
Album129553,78bb7d78-6164-36d1-a0ea-948fbf911af5,Aquatic,The Necks,1994,Album,100,auto
Album110962,7648ecbf-0071-3a83-8213-a8c364e6f36e,Prison,Steven “Jesse” Bernstein,1992,Album,100,auto
Album193869,419c8269-4b1c-37c7-a9b8-12453c449ecd,One,Neal Morse,2004,Album,100,auto
sp:1tCQC9HuRvujLuSe2sgf2S,4161f8df-101f-379f-bd66-e7da11041c8a,Live Cream,Cream,1970,Album+Live,100,auto
sp:29PSyE1ZD0XUgqm5yqC33x,eaf8f75a-d85e-4c03-b950-6cd9d0c70ca6,Carmina Burana,"Carl Orff; Gundula Janowitz; Gerhard Stolze; Dietrich Fischer‐Dieskau; Chor und Orchester der Deutschen Oper Berlin, Eugen Jochum",1968,Album,100,auto
Album652413,129a4ebb-edc5-40cc-b9a0-f0d6d86668d7,So Far,Bob Theil,1982,Album,100,auto
Album107168,c8882b3a-ba00-3d8d-8ce6-639313dee7fd,Drive By,The Necks,2003,Album,100,auto
sp:12mc6H3V7xyUtxycPiKz88,cf52a715-013d-3c32-9001-9a57ec4cb7d6,"Star Wars, Episode I: The Phantom Menace",John Williams,1999,Album+Soundtrack,100,auto
sp:0vo1E52Ii1yW8aD11Rn7yk,d8a55f84-b2b8-420a-bf45-780b3cf64b02,Strawberry Fields Forever,The Beatles,1967,EP,100,auto
sp:2HGQJZb8cMX6GlLCdNuciB,5be01c92-bb45-326c-9634-badf08f9ad7f,Fugazi,Fugazi,1988,EP,100,auto
sp:0S4GSpFXpymljBbOEtZCUX,b589806a-ceda-3f6e-b294-64c2fd78ead4,Minor Threat,Minor Threat,1981,EP,100,auto
sp:5zK5hMBLhsPSOBkX2LzQX6,fd04d7d5-9c46-31fb-b776-3e14d7d70076,Mercyful Fate,Mercyful Fate,1982,EP,100,auto
sp:4Db5w1mFaolDotknFJiteD,1dfe3683-90f0-3959-aa4c-22e3f9a449c8,I,Meshuggah,2004,EP,100,auto
sp:7GvIlBDCCgy1xnjpQCLzkY,f19e497d-104a-3cf1-ac26-c802431e3442,Fall,Ride,1990,EP,100,auto
sp:5uV5cai6VPXvq9fmtvlRWn,3d303d4a-b91e-3fb6-8f0d-805a290fd153,The Modern Age,The Strokes,2001,EP,100,auto
sp:3jp2nBhfeHODGumUVPeyHK,bc1d192c-5e81-34a9-9118-3b5a23cdde08,Dark & Long,Underworld,1994,Single,100,auto
sp:1E0g1RP7XJem98VuCtRo8X,f6b32702-4767-38d6-ad8e-e898b3a8a645,Sortilège,Sortilège,1983,EP,100,auto
sp:0Y7ot7awdB33lDUJtqIS6i,5cca5c3c-5c90-39f3-9775-514441f6b4bc,Crucify,Tori Amos,1992,EP,100,auto
sp:2AI3nzCa2kgdoiaygVrMIj,89512269-5f00-4216-a896-3083a4c6073a,Demo?,The Brave Little Abacus,2008,EP,100,auto
sp:3uXN2NZ9v0hrKQ5JsJW0Ff,0df36199-98e3-3b2c-88b5-b69fa0ea870b,The Last Dance,Disco Inferno,1993,EP,100,auto
sp:1R0By8YtMv7XTYOc7tKAWu,5ee30721-c0d8-499d-ace2-8d8a326bb614,Everyone Asked About You,Everyone Asked About You,1997,EP,100,auto
sp:0ffmwwS9EBmpLAgjblX75O,f2b6b6df-1050-49b4-83e3-b16721f1cd72,RINA,Rina Sawayama,2017,EP,100,auto
sp:1SLVua74uCqY1cIO4NxD4S,df30270f-72a6-30ff-b769-a01964dd8d88,The Nerves,The Nerves,1976,EP,100,auto
sp:5UDAJbDljEo9F1G6JU80EB,0947d5e6-cdce-3d79-a158-d999bd0746d7,Mutiny,The Birthday Party,1983,EP,100,auto
sp:3ujWbyBHwZjiA9K9Ti9M0A,d09af259-26d8-3186-95fc-6f9973d758bf,Emperor,Emperor,1993,EP,100,auto
sp:4uc7axZwgp3TZ8dVLTZrgs,d8cc6e30-a9cf-3965-90da-188e0bd7128c,The Walk,The Cure,1983,Single,100,auto
sp:43lTJdWh1mIO5mnQzJhCrY,a0283406-2e03-4ddb-841c-dc4d8007cf3d,Golpes Bajos,Golpes Bajos,1983,EP,100,auto
sp:40aLMQTxbukx6EckyfWkSM,ee3c3cc5-4274-43b0-bf84-f8b8b773dc5e,Scratch Acid,Scratch Acid,1985,EP,100,auto
sp:10R27xbMQrHEXyvsUXBgTw,7669f38d-8065-3c30-935e-bb459855ce75,Wall of Voodoo,Wall of Voodoo,1980,EP,100,auto
sp:56scO5M9TpZ9ateCi0nmDf,f4bf14a9-cbda-3f0f-934e-d760cd4fcf30,Negative Approach,Negative Approach,1982,EP,100,auto
sp:3OQshkQDiLAMxFKCfw7H6o,0aa6bdbd-b8fe-3640-a14e-5729fecb3d5e,Gimix,The Avalanches,2000,Album+DJ-mix+Mixtape/Street,100,auto
Album1115450,55b1383d-7138-39ff-a617-1131ff78d85c,Rock Dream,Boris with Merzbow,2007,Album+Live,100,auto
Album2036970,85b3eb3c-b712-3ab8-b602-b4a561e69f38,Midtown 120 Blues,DJ Sprinkles,2009,Album,100,auto
Album8557313,705f83ff-caed-4975-a8c5-7c202bfa3121,Dumpmeister,Mach‐Hommy,2017,Album,100,auto
Album11172630,36fecdb7-ed18-4afe-84c0-f10f8068f618,Sarhoş Palavraları ve Nahoş Nidalar,Farazi V Kayra,2007,Album,100,auto
Album103270,eabb992e-57b3-414d-bbc0-ee0bb61b4b20,Historic Performances Recorded at the Monterey International Pop Festival,Otis Redding / The Jimi Hendrix Experience,1970,Album+Live,100,auto
Album11172663,a23e3802-6daa-4711-9ece-469ef2351191,Sarhoş Palavraları ve Bekar Evinde Kör Sinekler,Farazi V Kayra,2008,Album,100,auto
Album7316527,47a11eea-7236-4d28-a7b1-27f7021b0884,한(국힙)합,불싸조,2016,Album,100,auto
Album9066870,e2a46794-4265-4a6e-8895-a061b142d24b,ゼルダの伝説 ブレス オブ ザ ワイルド,"片岡真央, 岩田恭明 & 若井淑",2019,Other+Soundtrack,100,auto
Album70900,ec02045c-157a-3453-8010-f7219110e2d8,Beauty in the Beast,Wendy Carlos,1986,Album,100,auto
Album10517459,85e17261-6268-4b48-90ff-adde40abbc7f,Plok!,Tim Follin & Geoff Follin,2020,Album+Soundtrack,100,auto
Album8352358,5feb62ae-6e5b-4507-975d-1dbd01078353,Dump Gawd: Hommy Edition,Mach‐Hommy,2017,Album,100,auto
Album65885,8b6c9835-060e-38c7-8f5e-929bd33bd219,Live Four,Coil,2003,Album+Live,100,auto
Album6635814,9717f7f2-7c81-43c9-b1cb-413c1aa888ef,The Gate,Swans,2015,Album+Live,100,auto
Album698040,3c44a57a-bf49-476b-a003-5aee3d174cbe,Bali Barong,Gede Manik,1975,Album,100,auto
Album418426,0e5961f0-f264-46dd-8ee5-5ac013355bcc,Oktophonie,Karlheinz Stockhausen,1994,Album,100,auto
Album8589864,f80ca2d0-a6b7-4ada-8adf-e4eb9ba8a8a7,Luh Hertz,Mach‐Hommy,2017,Album,100,auto
Album1421694,dd72a35b-4448-4321-b63b-876b2f18b14f,Exuviate,Exuviate,2000,Album,100,auto
Album15232219,1276c24d-7cc9-47cb-b42c-dc1ee6dbc5b1,Thank God for Drugs,SimpleJosh,2022,Album+Remix,100,auto
Album3971841,30992faa-082d-4e4b-b105-8f18f90c33e8,MOONGLOW,山下達郎,1979,Album,98,auto
Album14740076,0b19b409-e352-409f-92fe-66a66201749b,"SOGW2: ""Estee Nack & The Order of The Golden Fleece""",Estee Nack,2022,Album,100,auto
Album239973,c4652d07-5ac7-3264-a355-93eb43eee488,The Great Lost Kinks Album,The Kinks,1973,Album+Compilation,100,auto
Album359498,3a2b52ef-9ce5-330a-b9e0-87199b968fcf,千年女優,平沢進,2002,Album+Soundtrack,100,auto
Album2620305,83e5548b-a37a-48f5-ac1e-4310c5128101,너희가 재앙을 만날 때에 내가 웃을 것이며 너희에게 두려움이 임할 때에 내가 비웃으리라 (잠언 1:26),불싸조,2006,Album,100,auto
Album9265785,c0dc9feb-d264-476a-b5cf-792192e78549,The Book Beri'ah,John Zorn,2018,Album,100,auto
Album32101,fe6582ce-f943-4d2c-82bd-77da93a2f304,Yeni Bir Gün,Barış Manço & Kurtalan Ekspres,1979,Album,100,auto
Album378122,eb5d9b77-4b54-4b6a-a719-3deb2f2537bc,Return Visit to Rock Mass,Maher Shalal Hash Baz,1996,Album,100,auto
Album829172,a5a28375-f37a-4c9b-8ad1-633069d522da,Rock,Tiny Tim,1993,Album,100,auto
Album1955989,87ed1812-6269-4ed2-a087-724545c87889,AFTER 5 CLASH,角松敏生,1984,Album,100,auto
Album669174,cdce839f-4672-30dc-b4eb-97eb5a63e7cb,River of Corticone,Sacramentary Abolishment,1996,Album,100,auto
Album6301821,47f99156-d423-36a0-a6ea-3b0bf6e6d767,僕の中の少年,山下達郎,1988,Album,100,auto
Album145410,f58a26e0-b1ef-36e5-8069-7138da9c2370,"Early Minimalism, Volume One",Tony Conrad,1996,Album,100,auto
Album3593353,60412b41-65af-4aa8-8838-15c6b57c45fc,SPACY,山下達郎,1977,Album,100,auto
Album5608936,646b0788-df08-4935-887c-edf5cb976840,Big Wave,Tats Yamashita,1984,Album+Soundtrack,100,auto
Album2178744,e1d9e842-56c4-4aed-8db8-1f287debb0e8,Da Budet,Psykovsky,2009,Album,100,auto
Album390129,3acd3854-a52a-3768-a656-5325fee882bc,Magia obłoków,Marek Grechuta,1974,Album,100,auto
Album16401981,ab16a443-147e-4720-82cb-203f4c23e70a,4k god projected on the smoldering ashes,death’s dynamic shroud.wmv,2025,Album+Mixtape/Street,100,auto
Album2137634,064cf571-301e-3310-b2d3-d66cdf57efae,보편적인 노래,브로콜리 너마저,2008,Album,100,auto
Album92046,b9ac8f9b-e631-3fba-88cb-be654b3a1be9,悲愴,不失者,1994,Album,100,auto
Album10966557,dc89ff5b-7d81-4091-9ad4-ffadd427344f,Moondiver,東京酒吐座,2019,Album,100,auto
Album226884,c7b39cf5-25c9-4afb-ab6c-040f826ae5e9,Bäbi,Milford Graves,1977,Album,100,auto
Album10232364,f6d84bd0-41ed-480e-8c9b-8c52282e2942,Draw,Draw the Emotional,2018,Album,100,auto
Album4101473,0ebb8c9d-ae7f-49da-8f8f-98e758bbec1d,POCKET MUSIC,山下達郎,1986,Album,100,auto
Album3925371,3edb3dad-3eff-4b4a-9408-0544970068f2,Fremde Zeit Addendum,Jakob Ullmann,2012,Album,100,auto
Album402155,efbe99ed-0bfe-3712-bf92-954e4fdf7e8b,De Natura Daemonum,Mortem,2005,Album,100,auto
Album1820,fe507dc9-8bd8-32f5-8b79-a74bfa53b452,Entreat,The Cure,1989,Album+Live,100,auto
Album173243,3e715ed0-2f24-3afe-b96e-14fddf89beb5,パーフェクト・ブルー,幾見雅博,1998,Album+Soundtrack,100,auto
Album173796,089155c5-5d1b-3e6a-a94b-075b6b1e9f46,First Depression,Depressive Age,1992,Album,100,auto
Album1690519,9350f649-f16d-4dea-89d1-aee2168a2576,"Voice, Books and FIRE 3",Jakob Ullmann,2008,Album,100,auto
Album41471,717079a5-68e9-3de2-bc1e-4a7124d1784c,The Voice of the Eagle,Robbie Basho,1972,Album,100,auto
Album597878,5f20ad51-50e2-4dfb-913b-42ce8312d7ac,Routes Not Roots,K-S.H.E.,2006,Album,100,auto
Album8017628,6e83686e-f49c-4950-ab3f-5aad89243cb5,Mouth Moods,Neil Cicierega,2017,Album,100,auto
Album44288,e439da32-efd3-3774-8b90-94f710facb13,The Old Kit Bag,Richard Thompson,2003,Album,100,auto
Album117717,349f4fe1-4241-3996-ac7b-3e7a7f6726ed,Flight of the Griffin,Griffin,1984,Album,100,auto
Album7796521,9253ccec-2f9f-43b1-881f-52214e294340,laugh crou,/f,2016,Album,100,auto
Album146772,b1f7e538-22a3-3d03-ae15-dca63b132b59,Tragedy,Disclose,1994,Album,100,auto
Album2798277,f8602a08-d43b-4734-b059-bf43a24fde0c,The Inside Room,40 Watt Sun,2011,Album,100,auto
Album87901,d2e85c65-fa21-3e96-9d05-8999e51656ae,Sunčana strana ulice,Azra,1981,Album,100,auto
Album4646221,b2fc935c-b52a-4839-9412-f6157b54d744,Not Here / Not Now,Swans,2013,Album+Live,100,auto
Album51315,f46669fd-4ce1-31b4-9f59-6bfb445046ae,Sonic Seasonings,Wendy Carlos,1972,Album,100,auto
Album6966278,182c42e5-5bbb-468a-9581-315b7cee43b2,ホログラムを登る男,平沢進,2015,Album,100,auto
Album4493018,3aabe994-0130-4529-9206-aa2fadc06857,Fremde Zeit Addendum 4,Jakob Ullmann,2013,Album,100,auto
Album2182656,71f02aef-8f52-3171-8b5e-86607e156b7d,Völkerball,Rammstein,2006,Album+Live,100,auto
