reason,default,legacy_uri,legacy_artist,legacy_title,legacy_year,legacy_spotify_url,legacy_key,rym_id,rank,rym_artist,rym_title,rym_year,rym_spotify_url,rym_url,rym_paired_with
similar_title;sheet_flag_yes,unpaired,spotify:album:2rT82YYlV9UoxBYLIezkRq,Godspeed You Black Emperor!,Lift Your Skinny Fists Like Antennas to Heaven!,,https://open.spotify.com/album/2rT82YYlV9UoxBYLIezkRq,sp:2rT82YYlV9UoxBYLIezkRq,Album2602,14,Godspeed You Black Emperor!,Lift Yr. Skinny Fists Like Antennas to Heaven!,2000,,https://rateyourmusic.com/release/album/godspeed-you-black-emperor/lift-yr-skinny-fists-like-antennas-to-heaven/,
spotify_link_names_differ,unpaired,spotify:album:5XjZ6xhbPbALPVGd5Zx0Cw,Akira Yamaoka,Silent Hill,1999,https://open.spotify.com/album/5XjZ6xhbPbALPVGd5Zx0Cw,Album244941,Album244938,153,山岡晃,Silent Hill 2,2001,https://open.spotify.com/album/5XjZ6xhbPbALPVGd5Zx0Cw,https://rateyourmusic.com/release/album/%E5%B1%B1%E5%B2%A1%E6%99%83/silent-hill-2/,
competing;year_off_by_one;sheet_flag_yes,unpaired,spotify:album:4yqm0ZLcphXs8M8cVvLKym,青葉市子 [Ichiko Aoba],0%,2014,https://open.spotify.com/album/4yqm0ZLcphXs8M8cVvLKym,sp:4yqm0ZLcphXs8M8cVvLKym,Album4818053,297,青葉市子,0,2013,https://open.spotify.com/album/4yqm0ZLcphXs8M8cVvLKym,https://rateyourmusic.com/release/album/%E9%9D%92%E8%91%89%E5%B8%82%E5%AD%90/0/,
spotify_link_year_differs,unpaired,spotify:album:1w9O7mS9WEp5xlZUpYbDt9,Steve Reich and Musicians,Music for 18 Musicians,1978,https://open.spotify.com/album/1w9O7mS9WEp5xlZUpYbDt9,Album13083,Album127432,451,Steve Reich & Steve Reich and Musicians,Music for 18 Musicians,1998,https://open.spotify.com/album/1w9O7mS9WEp5xlZUpYbDt9,https://rateyourmusic.com/release/album/steve-reich-and-musicians/music-for-18-musicians/,
spotify_link_names_differ,unpaired,spotify:album:6FMu88LoghMcmme2aDkK3S,Berliner Philharmoniker / Herbert von Karajan,Symphony No. 9,1963,https://open.spotify.com/album/6FMu88LoghMcmme2aDkK3S,sp:6FMu88LoghMcmme2aDkK3S,Album242370,599,Antonín Dvořák & Bedřich Smetana,Symphonie No. 9 »Aus der neuen Welt« / Moldau,1985,https://open.spotify.com/album/6FMu88LoghMcmme2aDkK3S,https://rateyourmusic.com/release/album/wiener-philharmoniker-herbert-von-karajan/symphonie-no-9-aus-der-neuen-welt-moldau/,
similar_title,unpaired,spotify:album:6FMu88LoghMcmme2aDkK3S,Berliner Philharmoniker / Herbert von Karajan,Symphony No. 9,1963,https://open.spotify.com/album/6FMu88LoghMcmme2aDkK3S,sp:6FMu88LoghMcmme2aDkK3S,Album265101,613,Ludwig van Beethoven & Berliner Philharmoniker & Herbert von Karajan,Symphonie No.9,1984,https://open.spotify.com/album/3PFXzb8ySwZMDjyD25c6Bt,https://rateyourmusic.com/release/album/berliner-philharmoniker-herbert-von-karajan/symphonie-no_9/,
spotify_link_names_differ,unpaired,spotify:album:4Hbe1M0BDbgMwbw6Tw2fmD,Bruce Springsteen & The E Street Band,Bruce Springsteen & The E Street Band Live 1975-85,,https://open.spotify.com/album/4Hbe1M0BDbgMwbw6Tw2fmD,sp:4Hbe1M0BDbgMwbw6Tw2fmD,Album8343,618,Bruce Springsteen & E Street Band,Live / 1975-85,1986,https://open.spotify.com/album/4Hbe1M0BDbgMwbw6Tw2fmD,https://rateyourmusic.com/release/album/bruce-springsteen-and-the-e-street-band/live-1975-85-4/,
sheet_flag_likely,unpaired,spotify:album:67F6hVa1GWOqQrLCE5sFWR,Kirov Orchestra / Valery Gergiev,The Nutcracker,1998,https://open.spotify.com/album/67F6hVa1GWOqQrLCE5sFWR,Album418698,Album3260109,669,Пётр Чайковский & Berliner Philharmoniker & Simon Rattle,The Nutcracker,2010,https://open.spotify.com/album/54Awn36ryf55PkZyOR4iwQ,https://rateyourmusic.com/release/album/berliner-philharmoniker-simon-rattle/the-nutcracker/,
sheet_flag_likely,unpaired,spotify:album:0X8uUl77dOADdr7v1ECVB2,Hendrix,Live at the Fillmore East,1999,https://open.spotify.com/album/0X8uUl77dOADdr7v1ECVB2,sp:0X8uUl77dOADdr7v1ECVB2,Album703081,704,Neil Young & Crazy Horse,Live at the Fillmore East,2006,https://open.spotify.com/album/2X9CyDeFy0wRDoOn5WKyF8,https://rateyourmusic.com/release/album/neil-young-and-crazy-horse/live-at-the-fillmore-east/,
sheet_flag_yes,unpaired,spotify:album:4zyz5638QQykrPQcmpcrsa,Warning,Watching From a Distance,2006,https://open.spotify.com/album/4zyz5638QQykrPQcmpcrsa,Album798313,Album13359645,736,Warning,Watching From a Distance: Live at Roadburn,2021,https://open.spotify.com/album/6lT2Kqd82rLxKeHp6nlMDR,https://rateyourmusic.com/release/album/warning/watching-from-a-distance-live-at-roadburn/,
spotify_link_names_differ,unpaired,spotify:album:6eOuqhCfrTPp1H0YbQ9PmL,Wiener Philharmoniker / Leonard Bernstein,Symphonie No. 5,1988,https://open.spotify.com/album/6eOuqhCfrTPp1H0YbQ9PmL,Album140655,Album1326092,795,Ludwig van Beethoven & Wiener Philharmoniker & Carlos Kleiber,Symphonie Nr.7,1976,https://open.spotify.com/album/6eOuqhCfrTPp1H0YbQ9PmL,https://rateyourmusic.com/release/album/wiener-philharmoniker-carlos-kleiber/symphonie-nr_7/,spotify:album:60SlBjabfs9HCkS5ihYroM
sheet_flag_yes,unpaired,spotify:album:4XgGOMRY7H4hl6OQi5wb2Z,Christopher Larkin,Hollow Knight,2017,https://open.spotify.com/album/4XgGOMRY7H4hl6OQi5wb2Z,Album8096418,Album16543606,850,Christopher Larkin,Hollow Knight: Silksong,2025,https://open.spotify.com/album/2mvEK1s3lpArLiUVRkqoD5,https://rateyourmusic.com/release/album/christopher-larkin/hollow-knight-silksong/,
sheet_flag_yes,unpaired,spotify:album:5oEzjkSYSfC0ITRiqK6m8l,Kevin Penkin,Made in Abyss,2017,https://open.spotify.com/album/5oEzjkSYSfC0ITRiqK6m8l,Album8687117,Album14897637,947,Kevin Penkin,Made in Abyss 3,2022,https://open.spotify.com/album/2CHpanCncDbCg4bYfAMrvk,https://rateyourmusic.com/release/album/kevin-penkin/made-in-abyss-3/,
sheet_flag_likely,unpaired,spotify:album:4UnilfHlPTjL2fEz1vEWlc,Wilhelm Furtwängler / Ludwig Suthaus / Kirsten Flagstad,Tristan und Isolde,1952,https://open.spotify.com/album/4UnilfHlPTjL2fEz1vEWlc,sp:4UnilfHlPTjL2fEz1vEWlc,Album40262,1003,Richard Wagner,Tristan und Isolde (Bayreuth 1966),1966,https://open.spotify.com/album/0q781kMYrvKGeeCHRXrHcI,https://rateyourmusic.com/release/album/chor-und-orchester-der-bayreuther-festspiele-karl-bohm-birgit-nilsson-wolfgang-windgassen-christa-ludwig-martti-talvela-eberhard-waechter/tristan-und-isolde-bayreuth-1966/,
spotify_link_names_differ,unpaired,spotify:album:4jSv7dCwUWqp8kf8nXBEGn,Miles Davis,Miles Davis in Europe,1964,https://open.spotify.com/album/4jSv7dCwUWqp8kf8nXBEGn,Album38748,Album3657820,1028,Miles Davis Quintet,Live in Europe 1967: The Bootleg Series Vol. 1,2011,https://open.spotify.com/album/4jSv7dCwUWqp8kf8nXBEGn,https://rateyourmusic.com/release/album/miles-davis-quintet/live-in-europe-1967-the-bootleg-series-vol-1/,
sheet_flag_likely,unpaired,spotify:album:1qNCSJJHFZTj7ZNMSu8ypI,Keller Quartett,Die Kunst der Fuge,1998,https://open.spotify.com/album/1qNCSJJHFZTj7ZNMSu8ypI,Album797286,Album793441,1031,Johann Sebastian Bach & Tatiana Nikolayeva,Die Kunst der Fuge,1992,https://open.spotify.com/album/6LYoyh99HAvWErMmKeMOMf,https://rateyourmusic.com/release/album/tatiana-nikolayeva/die-kunst-der-fuge/,
same_title_year_other_artist;sheet_flag_likely,unpaired,spotify:album:2mCvtea2fbrtU10GMsHbAM,Academy of St Martin in the Fields / Neville Marriner / Alan Loveday,The Four Seasons,1970,https://open.spotify.com/album/2mCvtea2fbrtU10GMsHbAM,sp:2mCvtea2fbrtU10GMsHbAM,Album341156,1043,Antonio Vivaldi,The Four Seasons,1970,https://open.spotify.com/album/1G0dgQkqneuP7kid0mhJXh,https://rateyourmusic.com/release/album/academy-of-st-martin-in-the-fields-neville-marriner-alan-loveday/the-four-seasons/,
same_title_year_other_artist,unpaired,spotify:album:78sy1qgqdfjea9lZHoVWRK,Magma,Live,1975,https://open.spotify.com/album/78sy1qgqdfjea9lZHoVWRK,sp:78sy1qgqdfjea9lZHoVWRK,Album25561,1078,The Wailers,Live!,1975,https://open.spotify.com/album/5mvQHYARofQRsOE2cqBzik,https://rateyourmusic.com/release/album/bob-marley-and-the-wailers/live/,
competing,unpaired,spotify:album:4yqm0ZLcphXs8M8cVvLKym,青葉市子 [Ichiko Aoba],0%,2014,https://open.spotify.com/album/4yqm0ZLcphXs8M8cVvLKym,sp:4yqm0ZLcphXs8M8cVvLKym,Album5200146,1080,青葉市子,0%,2014,,https://rateyourmusic.com/release/album/%E9%9D%92%E8%91%89%E5%B8%82%E5%AD%90/0-1/,
sheet_flag_yes,unpaired,spotify:album:0I5Te5Oi0Cbes6nwEe4uFV,Philip Glass,Koyaanisqatsi,1983,https://open.spotify.com/album/0I5Te5Oi0Cbes6nwEe4uFV,Album28513,Album209193,1094,Philip Glass,Koyaanisqatsi,1998,https://open.spotify.com/album/3vTNx2Uc4o8KhMuiQUI8qS,https://rateyourmusic.com/release/album/philip-glass/koyaanisqatsi-1/,
spotify_link_names_differ,unpaired,spotify:album:6P5QHz4XtxOmS5EuiGIPut,Led Zeppelin,Led Zeppelin II,1969,https://open.spotify.com/album/6P5QHz4XtxOmS5EuiGIPut,Album42,Album2028,1104,Led Zeppelin,Led Zeppelin III,1970,https://open.spotify.com/album/6P5QHz4XtxOmS5EuiGIPut,https://rateyourmusic.com/release/album/led-zeppelin/led-zeppelin-iii/,
same_title_year_other_artist;sheet_flag_likely,unpaired,spotify:album:7y2gHGuQhJmesRiNO8d8fK,Columbia Symphony Orchestra / New York Philharmonic / Leonard Bernstein,Rhapsody in Blue; An American in Paris,1959,https://open.spotify.com/album/7y2gHGuQhJmesRiNO8d8fK,sp:7y2gHGuQhJmesRiNO8d8fK,Album171609,1124,George Gershwin,Rhapsody in Blue; An American in Paris,1959,https://open.spotify.com/album/1MJrVisqlSwkJLnqeYdKTB,https://rateyourmusic.com/release/album/columbia-symphony-orchestra-new-york-philharmonic-leonard-bernstein/rhapsody-in-blue-an-american-in-paris/,
sheet_flag_yes,unpaired,spotify:album:5EaD84ux8rRxZmyZlxnG43,下村陽子 [Yoko Shimomura],Kingdom Hearts,2002,https://open.spotify.com/album/5EaD84ux8rRxZmyZlxnG43,Album35127,Album574860,1161,下村陽子,Kingdom Hearts II,2006,https://open.spotify.com/album/6eVWdfj3yizOc8qtEmF00P,https://rateyourmusic.com/release/album/%E4%B8%8B%E6%9D%91%E9%99%BD%E5%AD%90/kingdom-hearts-ii/,
year_off_by_one;sheet_flag_yes,unpaired,spotify:album:4f0Yjw7TR3BEdIsmZDg0K7,Max Roach,We Insist! Max Roach's Freedom Now Suite,1961,https://open.spotify.com/album/4f0Yjw7TR3BEdIsmZDg0K7,sp:4f0Yjw7TR3BEdIsmZDg0K7,Album178962,1175,Max Roach,We Insist! Max Roach's Freedom Now Suite,1960,https://open.spotify.com/album/4gEIEXedj8RnSul4T46Ucd,https://rateyourmusic.com/release/album/max-roach/we-insist-max-roachs-freedom-now-suite/,
same_title_year_other_artist;sheet_flag_yes,unpaired,spotify:album:67GJo4ajqUWHsuY0f4aQz2,The Mothers,The Grand Wazoo,1972,https://open.spotify.com/album/67GJo4ajqUWHsuY0f4aQz2,sp:67GJo4ajqUWHsuY0f4aQz2,Album11810,1186,The Mothers of Invention,The Grand Wazoo,1972,https://open.spotify.com/album/5bZq8O7C36JRzoVND8ZFk6,https://rateyourmusic.com/release/album/the-mothers/the-grand-wazoo/,
same_title_year_other_artist,unpaired,spotify:album:0X8uUl77dOADdr7v1ECVB2,Hendrix,Live at the Fillmore East,1999,https://open.spotify.com/album/0X8uUl77dOADdr7v1ECVB2,sp:0X8uUl77dOADdr7v1ECVB2,Album39581,1196,Jimi Hendrix,Live at the Fillmore East,1999,,https://rateyourmusic.com/release/album/hendrix/live-at-the-fillmore-east/,
sheet_flag_likely,unpaired,spotify:album:0eBI0K4a1gou6xKYZmSsIy,Various Artists,A Clockwork Orange,1972,https://open.spotify.com/album/0eBI0K4a1gou6xKYZmSsIy,sp:0eBI0K4a1gou6xKYZmSsIy,Album284901,1201,Ludwig van Beethoven & Wendy Carlos,Clockwork Orange,1972,,https://rateyourmusic.com/release/album/wendy-carlos/clockwork-orange/,
same_name_group;sheet_flag_yes,unpaired,spotify:album:49JY9t0A5zrJDju607rmeg,Boris,Smile,2008,https://open.spotify.com/album/49JY9t0A5zrJDju607rmeg,Album1997523,Album1878463,1225,Boris,Smile,2008,https://open.spotify.com/album/0srPk8FFjpvnMb5f0oPauy,https://rateyourmusic.com/release/album/boris/smile-4/,
same_title_year_other_artist;sheet_flag_likely,unpaired,spotify:album:25Uej9vkdGxJOclrpDaetA,RCA Victor Symphony Orchestra / Kirill Kondrashin / Van Cliburn,Concerto No. 1,1958,https://open.spotify.com/album/25Uej9vkdGxJOclrpDaetA,sp:25Uej9vkdGxJOclrpDaetA,Album85121,1391,Пётр Чайковский,Concerto No. 1,1958,,https://rateyourmusic.com/release/album/rca-victor-symphony-orchestra-kirill-kondrashin-van-cliburn/concerto-no-1/,
same_title_year_other_artist;sheet_flag_likely,unpaired,spotify:album:1OhcoQdeYqt68I22NWEdF0,Godspeed You! Black Emperor,'Allelujah! Don't Bend! Ascend!,2012,https://open.spotify.com/album/1OhcoQdeYqt68I22NWEdF0,sp:1OhcoQdeYqt68I22NWEdF0,Album4199077,1437,God's Pee,Allelujah! Don't Bend Ascend,2012,,https://rateyourmusic.com/release/album/gods-pee/allelujah-dont-bend-ascend/,
spotify_link_year_differs,unpaired,spotify:album:27OF0Qk1FnCZVvsyNP4L1j,The Philip Glass Ensemble,Einstein on the Beach,1979,https://open.spotify.com/album/27OF0Qk1FnCZVvsyNP4L1j,Album26051,Album414387,1626,Philip Glass & Robert Wilson,Einstein on the Beach,1993,https://open.spotify.com/album/27OF0Qk1FnCZVvsyNP4L1j,https://rateyourmusic.com/release/album/the-philip-glass-ensemble-michael-riesman/einstein-on-the-beach/,
spotify_link_names_differ,unpaired,spotify:album:5c2AzoNyr46fCQM5d8mxE0,Brockhampton,Saturation II,2017,https://open.spotify.com/album/5c2AzoNyr46fCQM5d8mxE0,Album8344759,Album8527774,1663,BROCKHAMPTON,Saturation III,2017,https://open.spotify.com/album/5c2AzoNyr46fCQM5d8mxE0,https://rateyourmusic.com/release/album/brockhampton/saturation-iii/,
same_title_year_other_artist,unpaired,spotify:album:4UnilfHlPTjL2fEz1vEWlc,Wilhelm Furtwängler / Ludwig Suthaus / Kirsten Flagstad,Tristan und Isolde,1952,https://open.spotify.com/album/4UnilfHlPTjL2fEz1vEWlc,sp:4UnilfHlPTjL2fEz1vEWlc,Album146991,1781,Richard Wagner,Tristan und Isolde,1952,https://open.spotify.com/album/1CxInVrWjKdXCBXptgubJG,https://rateyourmusic.com/release/album/wilhelm-furtwangler-kirsten-flagstad-ludwig-suthaus/tristan-und-isolde/,
sheet_flag_yes,unpaired,spotify:album:6eOuqhCfrTPp1H0YbQ9PmL,Wiener Philharmoniker / Leonard Bernstein,Symphonie No. 5,1988,https://open.spotify.com/album/6eOuqhCfrTPp1H0YbQ9PmL,Album140655,Album416745,1803,Gustav Mahler & Wiener Philharmoniker & Pierre Boulez,Symphonie No. 5,1997,https://open.spotify.com/album/2mxjaerL9JdNbLnGdCfh8Q,https://rateyourmusic.com/release/album/wiener-philharmoniker-pierre-boulez/symphonie-no-5/,
sheet_flag_likely,unpaired,spotify:album:6zF2s0VPbQJk1vxX6WIe8W,Albert Ayler Quintet,Spirits Rejoice,1966,https://open.spotify.com/album/6zF2s0VPbQJk1vxX6WIe8W,sp:6zF2s0VPbQJk1vxX6WIe8W,Album695564,1826,Louis Moholo Octet,Spirits Rejoice!,1978,,https://rateyourmusic.com/release/album/louis-moholo-octet/spirits-rejoice-1/,
spotify_link_names_differ;sheet_flag_yes,unpaired,spotify:album:3RaK95jcB6YrjBiBEp32Dd,Kool G Rap,"4, 5, 6",1995,https://open.spotify.com/album/3RaK95jcB6YrjBiBEp32Dd,sp:3RaK95jcB6YrjBiBEp32Dd,Album40235,1886,Kool G Rap,"4, 5, 2006",1995,https://open.spotify.com/album/3RaK95jcB6YrjBiBEp32Dd,https://rateyourmusic.com/release/album/kool-g-rap/4-5-6/,
sheet_flag_yes,unpaired,spotify:album:1NIA5CBKRCLpHL62x7GcAZ,Nelson Cavaquinho,Nelson Cavaquinho,1973,https://open.spotify.com/album/1NIA5CBKRCLpHL62x7GcAZ,Album840994,Album994077,1944,Nelson Cavaquinho,Nelson Cavaquinho - Série documento,1972,https://open.spotify.com/album/59dgRspqKxqsTOGveMpY7k,https://rateyourmusic.com/release/album/nelson-cavaquinho/nelson-cavaquinho-serie-documento/,
competing;same_name_other_year;sheet_flag_yes,unpaired,spotify:album:66E3E9DaAxpGPE4SgrOBDX,Os Tincoãs,Os Tincoãs,1973,https://open.spotify.com/album/66E3E9DaAxpGPE4SgrOBDX,sp:66E3E9DaAxpGPE4SgrOBDX,Album436330,1957,Os Tincoãs,Os Tincoãs,1977,https://open.spotify.com/album/66E3E9DaAxpGPE4SgrOBDX,https://rateyourmusic.com/release/album/os-tincoas/os-tincoas-1/,
competing,unpaired,spotify:album:66E3E9DaAxpGPE4SgrOBDX,Os Tincoãs,Os Tincoãs,1973,https://open.spotify.com/album/66E3E9DaAxpGPE4SgrOBDX,sp:66E3E9DaAxpGPE4SgrOBDX,Album436318,1969,Os Tincoãs,Os Tincoãs,1973,https://open.spotify.com/album/6rd3qK09Hft7jQZoMp1VWH,https://rateyourmusic.com/release/album/os-tincoas/os-tincoas/,
spotify_link_names_differ,unpaired,spotify:album:2qLeLtVxS5N9A9B0qd1BC5,Eliane Radigue,Trilogie de la mort,1998,https://open.spotify.com/album/2qLeLtVxS5N9A9B0qd1BC5,Album157989,Album122603,1972,Éliane Radigue,"Kyema, Intermediate States",1990,https://open.spotify.com/album/2qLeLtVxS5N9A9B0qd1BC5,https://rateyourmusic.com/release/album/eliane-radigue/kyema-intermediate-states/,
sheet_flag_likely,unpaired,spotify:album:5w3wNBSUiCEzUX1cRQHebg,Alban Berg Quartett,String Quartets,1986,https://open.spotify.com/album/5w3wNBSUiCEzUX1cRQHebg,sp:5w3wNBSUiCEzUX1cRQHebg,Album655143,2017,Дмитрий Шостакович & Emerson String Quartet,The String Quartets,2006,https://open.spotify.com/album/2KKcrsTpvh66b2NdWkHLp4,https://rateyourmusic.com/release/album/emerson-string-quartet/the-string-quartets/,
spotify_link_names_differ;sheet_flag_yes,unpaired,spotify:album:0RnWcHck1zMA2xIPxDMNkH,Black Alien,"Babylon by Gus, Vol 1: O ano do macaco",2004,https://open.spotify.com/album/0RnWcHck1zMA2xIPxDMNkH,sp:0RnWcHck1zMA2xIPxDMNkH,Album695205,2103,Black Alien,Babylon by Gus: Volume I - O ano do macaco,2004,https://open.spotify.com/album/0RnWcHck1zMA2xIPxDMNkH,https://rateyourmusic.com/release/album/black-alien/babylon-by-gus-volume-i-o-ano-do-macaco/,
same_title_year_other_artist;sheet_flag_likely,unpaired,spotify:album:4rjGyhPnaKV5hfwFNiHtQA,UGK,Super Tight...,1994,https://open.spotify.com/album/4rjGyhPnaKV5hfwFNiHtQA,sp:4rjGyhPnaKV5hfwFNiHtQA,Album195973,2116,Underground Kings,Super Tight...,1994,https://open.spotify.com/album/4VQz1gqTCyie2LF7gdn3Fu,https://rateyourmusic.com/release/album/underground-kings/super-tight/,
similar_title,unpaired,spotify:album:6FMu88LoghMcmme2aDkK3S,Berliner Philharmoniker / Herbert von Karajan,Symphony No. 9,1963,https://open.spotify.com/album/6FMu88LoghMcmme2aDkK3S,sp:6FMu88LoghMcmme2aDkK3S,Album140404,2160,Gustav Mahler & Berliner Philharmoniker & Herbert von Karajan,Symphonie No. 9,1984,https://open.spotify.com/album/47EhDXxH1QRJtebEIwQ4NI,https://rateyourmusic.com/release/album/berliner-philharmoniker-herbert-von-karajan/symphonie-no-9-1/,
sheet_flag_yes,unpaired,spotify:album:2cCaL3kdBwQ2k4SZF1jP8K,Cristobal Tapia de Veer,Utopia,2013,https://open.spotify.com/album/2cCaL3kdBwQ2k4SZF1jP8K,Album5738166,Album6016546,2223,Cristobal Tapia de Veer,Utopia²,2014,https://open.spotify.com/album/67YcVq5NoekOotGHGoPgP3,https://rateyourmusic.com/release/album/cristobal-tapia-de-veer/utopia2/,
spotify_link_names_differ,unpaired,spotify:album:7J9wATH6I891OTHteIWSEj,Tim Maia,Racional vol. 1,1975,https://open.spotify.com/album/7J9wATH6I891OTHteIWSEj,sp:7J9wATH6I891OTHteIWSEj,Album154119,2297,Tim Maia Racional,Tim Maia Racional vol. 1,1975,https://open.spotify.com/album/7J9wATH6I891OTHteIWSEj,https://rateyourmusic.com/release/album/tim-maia-racional/tim-maia-racional-vol-1/,
same_title_year_other_artist;sheet_flag_yes,unpaired,spotify:album:4Kw6qYDGxoolXoQemIYgn1,Fela,Coffin for Head of State,1981,https://open.spotify.com/album/4Kw6qYDGxoolXoQemIYgn1,sp:4Kw6qYDGxoolXoQemIYgn1,Album77813,2349,Fela Kuti & The Africa '70,Coffin for Head of State,1981,https://open.spotify.com/album/4CaXN5lwSGhNrlNIbWJHI8,https://rateyourmusic.com/release/album/fela-and-africa-70/coffin-for-head-of-state/,
edition_or_sequel;sheet_flag_yes,unpaired,spotify:album:4y0wXNP3t9rUv1y58Peuj1,Global Communication,76:14,1994,https://open.spotify.com/album/4y0wXNP3t9rUv1y58Peuj1,sp:4y0wXNP3t9rUv1y58Peuj1,Album28460,2351,Global Communication,76:14:00,1994,https://open.spotify.com/album/0CCYU4pfINH3Lt5krDd9JO,https://rateyourmusic.com/release/album/global-communication/76_14/,
sheet_flag_yes,unpaired,spotify:album:6rdNbdV3T4muFFFSjGdOj9,The Knife,Silent Shout,2006,https://open.spotify.com/album/6rdNbdV3T4muFFFSjGdOj9,Album474362,Album1142511,2482,The Knife,Silent Shout: An Audio Visual Experience,2007,https://open.spotify.com/album/2q4Yy2sKpNs6kSuNS1YNcV,https://rateyourmusic.com/release/album/the-knife/silent-shout-an-audio-visual-experience/,
spotify_link_names_differ,unpaired,spotify:album:4Gkvfrv2hZlF1ILyiqVe9j,The Jazz Composer's Orchestra,The Jazz Composer's Orchestra,1968,https://open.spotify.com/album/4Gkvfrv2hZlF1ILyiqVe9j,Album155740,Album11695,3044,Carla Bley & Paul Haines,Escalator Over the Hill,1972,https://open.spotify.com/album/4Gkvfrv2hZlF1ILyiqVe9j,https://rateyourmusic.com/release/album/carla-bley-paul-haines/escalator-over-the-hill/,
sheet_flag_yes,unpaired,spotify:album:7JbbUP152jaRbhQ7CJ1DOy,Natalia Lafourcade,Musas Vol. 2,2018,https://open.spotify.com/album/7JbbUP152jaRbhQ7CJ1DOy,Album8907612,Album8030513,3060,Natalia Lafourcade,Musas Vol. 1,2017,https://open.spotify.com/album/30isRfL4u7fowKgTVsydDt,https://rateyourmusic.com/release/album/natalia-lafourcade/musas-vol-1/,
same_title_year_other_artist,unpaired,spotify:album:0eBI0K4a1gou6xKYZmSsIy,Various Artists,A Clockwork Orange,1972,https://open.spotify.com/album/0eBI0K4a1gou6xKYZmSsIy,sp:0eBI0K4a1gou6xKYZmSsIy,Album999417,3103,Gioachino Rossini & Wendy Carlos,A Clockwork Orange,1972,,https://rateyourmusic.com/release/album/wendy-carlos/a-clockwork-orange/,
spotify_link_names_differ,unpaired,spotify:album:625D7Framo0tCKlhdLKoE4,Roky Erickson and The Aliens,The Evil One,1981,https://open.spotify.com/album/625D7Framo0tCKlhdLKoE4,Album45714,Album32693,3335,Roky Erickson and The Aliens,Roky Erickson and the Aliens (5 Symbols),1980,https://open.spotify.com/album/625D7Framo0tCKlhdLKoE4,https://rateyourmusic.com/release/album/roky-erickson-and-the-aliens/roky-erickson-and-the-aliens-5-symbols/,
sheet_flag_yes,unpaired,spotify:album:0q41u8oMFT9Ewr2tqGnmL8,Tim Maia,Tim Maia,1971,https://open.spotify.com/album/0q41u8oMFT9Ewr2tqGnmL8,Album87893,Album225142,3366,Tim Maia,Tim Maia,1973,https://open.spotify.com/album/6gK1Uf1uZolqGBibGaW5qK,https://rateyourmusic.com/release/album/tim-maia/tim-maia-13/,
spotify_link_names_differ;sheet_flag_yes,unpaired,spotify:album:4WWzemJiMfNnxbYAmz63fC,Tindersticks,Tindersticks,1993,https://open.spotify.com/album/4WWzemJiMfNnxbYAmz63fC,Album2680,Album7707,3385,Tindersticks,Tindersticks [II],1995,https://open.spotify.com/album/4WWzemJiMfNnxbYAmz63fC,https://rateyourmusic.com/release/album/tindersticks/tindersticks-ii/,
year_off_by_one;sheet_flag_yes,unpaired,spotify:album:3mUhfkEikAJjuvSDC1NEE4,Alex G,Trick,2012,https://open.spotify.com/album/3mUhfkEikAJjuvSDC1NEE4,sp:3mUhfkEikAJjuvSDC1NEE4,Album4494710,3404,Alex G,Trick,2013,https://open.spotify.com/album/2Vg8YkTkuG4Y9MD4hB4KNN,https://rateyourmusic.com/release/album/alex-g/trick/,
year_off_by_one;sheet_flag_yes,unpaired,spotify:album:1CwWqZ21WMLbOLPd9QsTCW,Eric Dolphy,"At the Five Spot, Vol. 2",1964,https://open.spotify.com/album/1CwWqZ21WMLbOLPd9QsTCW,sp:1CwWqZ21WMLbOLPd9QsTCW,Album64448,3455,Eric Dolphy,"At the Five Spot, Vol. 2",1963,https://open.spotify.com/album/4agC2sGf84GZupcgzEBBQG,https://rateyourmusic.com/release/album/eric-dolphy/at-the-five-spot-vol-2/,
competing;same_name_other_year;sheet_flag_yes,unpaired,spotify:album:16MILExMR5RIvzTIII2YnH,Killing Joke,Killing Joke,1980,https://open.spotify.com/album/16MILExMR5RIvzTIII2YnH,sp:16MILExMR5RIvzTIII2YnH,Album75561,3470,Killing Joke,Killing Joke,2003,https://open.spotify.com/album/16MILExMR5RIvzTIII2YnH,https://rateyourmusic.com/release/album/killing-joke/killing-joke-25/,
same_title_year_other_artist;sheet_flag_likely,unpaired,spotify:album:6NCWa4zayILcELsdLE64Ye,Asko Ensemble / WDR Sinfonieorchester Köln / Stefan Asbury / Garth Knox,Les espaces acoustiques,2005,https://open.spotify.com/album/6NCWa4zayILcELsdLE64Ye,sp:6NCWa4zayILcELsdLE64Ye,Album301814,3479,Gérard Grisey,Les espaces acoustiques,2005,https://open.spotify.com/album/3dT4ez4xMOohArWhbMxyd9,https://rateyourmusic.com/release/album/wdr-sinfonieorchester-asko-ensemble-stefan-asbury-garth-knox/les-espaces-acoustiques/,
spotify_link_names_differ;edition_or_sequel,unpaired,spotify:album:5RRib8eRMf8OthdvJX26iU,Ryuichi Sakamoto,Playing the Piano,2009,https://open.spotify.com/album/5RRib8eRMf8OthdvJX26iU,sp:5RRib8eRMf8OthdvJX26iU,Album14084729,3614,坂本龍一,Playing the Piano 12122020,2021,https://open.spotify.com/album/5RRib8eRMf8OthdvJX26iU,https://rateyourmusic.com/release/album/%E5%9D%82%E6%9C%AC%E9%BE%8D%E4%B8%80/playing-the-piano-12122020/,
spotify_link_names_differ;edition_or_sequel;sheet_flag_yes,unpaired,spotify:album:4Y1WtRvazalwwq6XwTR9SU,Dolly Mixture,Demonstration Tapes,1983,https://open.spotify.com/album/4Y1WtRvazalwwq6XwTR9SU,sp:4Y1WtRvazalwwq6XwTR9SU,Album384543,3815,Dolly Mixture,Demonstration Tapes: A Double Album,1984,https://open.spotify.com/album/4Y1WtRvazalwwq6XwTR9SU,https://rateyourmusic.com/release/album/dolly-mixture/demonstration-tapes-a-double-album/,
sheet_flag_likely,unpaired,spotify:album:4VQvAALz2SrumsZMgvwWE5,Dead Can Dance,In Concert,2013,https://open.spotify.com/album/4VQvAALz2SrumsZMgvwWE5,sp:4VQvAALz2SrumsZMgvwWE5,Album17674,3822,Derek & The Dominos,In Concert,1973,https://open.spotify.com/album/0lctewrLljhj5GWi5fdq1F,https://rateyourmusic.com/release/album/derek-and-the-dominos/in-concert-5/,
year_off_by_one;sheet_flag_yes,unpaired,spotify:album:4cvCazAnjMnrFsvA1AhpVI,The Can,Monster Movie,1969,https://open.spotify.com/album/4cvCazAnjMnrFsvA1AhpVI,sp:4cvCazAnjMnrFsvA1AhpVI,Album6158,3904,The Can,Monster Movie,1970,https://open.spotify.com/album/20dlVTbr4Lq1FjVjDYXmYB,https://rateyourmusic.com/release/album/the-can/monster-movie/,
same_title_year_other_artist;sheet_flag_likely,unpaired,spotify:album:0jcDk8bLwQzMSKzAxdfNQA,Various Artists,Barry Lyndon,1975,https://open.spotify.com/album/0jcDk8bLwQzMSKzAxdfNQA,sp:0jcDk8bLwQzMSKzAxdfNQA,Album739618,4028,Georg Friedrich Händel,Barry Lyndon,1975,,https://rateyourmusic.com/release/album/various-artists/barry-lyndon/,
year_off_by_one;sheet_flag_yes,unpaired,spotify:album:1zKfZfFQHrH0AqEi7vX3UL,Lucifer's Friend,Lucifer's Friend,1970,https://open.spotify.com/album/1zKfZfFQHrH0AqEi7vX3UL,sp:1zKfZfFQHrH0AqEi7vX3UL,Album623652,4045,Lucifer's Friend,Lucifer's Friend,1971,https://open.spotify.com/album/3fwnOVboz0Rs8Em6BMq093,https://rateyourmusic.com/release/album/lucifers-friend/lucifers-friend/,
competing,unpaired,spotify:album:16MILExMR5RIvzTIII2YnH,Killing Joke,Killing Joke,1980,https://open.spotify.com/album/16MILExMR5RIvzTIII2YnH,sp:16MILExMR5RIvzTIII2YnH,Album11366,4223,Killing Joke,Killing Joke,1980,https://open.spotify.com/album/0FfpevxQr8EyNsjc24TbmI,https://rateyourmusic.com/release/album/killing-joke/killing-joke/,
sheet_flag_likely,unpaired,spotify:album:4n8GtrqMTNsmBMr7Yx28Kr,Kool G Rap & DJ Polo,Wanted: Dead or Alive,1990,https://open.spotify.com/album/4n8GtrqMTNsmBMr7Yx28Kr,sp:4n8GtrqMTNsmBMr7Yx28Kr,Album1846236,4293,10 Wanted Men,Wanted: Dead or Alive,1995,,https://rateyourmusic.com/release/album/10-wanted-men/wanted-dead-or-alive/,
similar_title;sheet_flag_yes,unpaired,spotify:album:2pXBGmVStydqqBl2dEgFyF,Polish National Radio Symphony Orchestra (Katowice) / Antoni Wit,Orchestral Works Vol. 1,2000,https://open.spotify.com/album/2pXBGmVStydqqBl2dEgFyF,sp:2pXBGmVStydqqBl2dEgFyF,Album149975,4400,Krzysztof Penderecki & Narodowa Orkiestra Symfoniczna Polskiego Radia w Katowicach & Antoni Wit,Orchestral Works Vol. 1,1999,https://open.spotify.com/album/1ob9Al3GJ59ZYnvS6fgCze,https://rateyourmusic.com/release/album/national-polish-radio-symphony-orchestra-katowice-antoni-wit/orchestral-works-vol-1/,
edition_or_sequel,unpaired,spotify:album:0lSeYO6mLZIngXj5NPS3Hl,Orchester der Beethovenhalle Bonn / The Hilliard Ensemble / Paul Hillier / Dennis Russell Davies,Miserere,1991,https://open.spotify.com/album/0lSeYO6mLZIngXj5NPS3Hl,sp:0lSeYO6mLZIngXj5NPS3Hl,Album13178,4501,Arvo Pärt & Beethoven Orchester Bonn & The Hilliard Ensemble,Miserere; Festina lente; Sarah Was Ninety Years Old,1991,https://open.spotify.com/album/74pWMNn6WKrT0FxZ0HQ03h,https://rateyourmusic.com/release/album/orchester-der-beethovenhalle-bonn-the-hilliard-ensemble/miserere-festina-lente-sarah-was-ninety-years-old/,
spotify_link_names_differ,unpaired,spotify:album:435bIiZEKZMfq42lzGT7l8,Yabby You,Conquering Lion,1975,https://open.spotify.com/album/435bIiZEKZMfq42lzGT7l8,Album351944,Album378091,4561,King Tubby & Yabby You,King Tubby's Prophesy of Dub,1976,https://open.spotify.com/album/435bIiZEKZMfq42lzGT7l8,https://rateyourmusic.com/release/album/king-tubby-yabby-you/king-tubbys-prophesy-of-dub/,
year_off_by_one;sheet_flag_yes,unpaired,spotify:album:7d8AXmMuJDcwSArb8UP1U1,No Trend,Too Many Humans......,1984,https://open.spotify.com/album/7d8AXmMuJDcwSArb8UP1U1,sp:7d8AXmMuJDcwSArb8UP1U1,Album137918,4889,No Trend,Too Many Humans.....,1983,https://open.spotify.com/album/3ul1HIldj4QpL4bYJ1t0hS,https://rateyourmusic.com/release/album/no-trend/too-many-humans/,
spotify_link_names_differ,unpaired,spotify:album:4Bxg4OFb2wA6IjoeuWilRF,Thelonious Monk,Monk.,1965,https://open.spotify.com/album/4Bxg4OFb2wA6IjoeuWilRF,Album152892,Album779,4982,Thelonious Monk,Solo Monk,1965,https://open.spotify.com/album/4Bxg4OFb2wA6IjoeuWilRF,https://rateyourmusic.com/release/album/thelonious-monk/solo-monk/,
same_name_other_year;sheet_flag_yes,unpaired,spotify:album:4CWRDSPCD3KOHehpU1YMQ6,Can,Soundtracks,1970,https://open.spotify.com/album/4CWRDSPCD3KOHehpU1YMQ6,sp:4CWRDSPCD3KOHehpU1YMQ6,Album6157,4992,Can,Soundtracks,1973,https://open.spotify.com/album/2B9ioizVW7n33BQYaHJd6A,https://rateyourmusic.com/release/album/can/soundtracks/,
spotify_link_names_differ,unpaired,spotify:album:1eXlwGtPpBs59cULO5gb4i,The Grateful Dead,Live / Dead,1969,https://open.spotify.com/album/1eXlwGtPpBs59cULO5gb4i,Album7756,Album70802,5134,Grateful Dead,"Dick's Picks Volume Eighteen: Dane County Coliseum, Madison, WI, 2/3/78 - UNI-Dome, University of N. Iowa, Cedar Falls, IA, 2/5/78",2000,https://open.spotify.com/album/1eXlwGtPpBs59cULO5gb4i,https://rateyourmusic.com/release/album/grateful-dead/dicks-picks-volume-eighteen-dane-county-coliseum-madison-wi-2_3_78-uni-dome-university-of-n-iowa-cedar-falls-ia-2_5_78/,
year_off_by_one;sheet_flag_yes,unpaired,spotify:album:33ADD53a2BoG60Cqx0UFyu,Scald,Will of Gods Is a Great Power,1996,https://open.spotify.com/album/33ADD53a2BoG60Cqx0UFyu,sp:33ADD53a2BoG60Cqx0UFyu,Album294567,5173,Scald,Will of Gods Is a Great Power,1997,https://open.spotify.com/album/2irtoO2jZdkqNvfGdxf5N3,https://rateyourmusic.com/release/album/scald/will-of-gods-is-a-great-power/,
sheet_flag_likely,unpaired,spotify:album:1F5GeGrkJ2MkseVNykklkB,Bill Hicks,Relentless,1992,https://open.spotify.com/album/1F5GeGrkJ2MkseVNykklkB,Album703563,Album10317082,5203,Sutcliffe Jugend,Relentless,2019,,https://rateyourmusic.com/release/album/sutcliffe-jugend/relentless/,
edition_or_sequel,unpaired,spotify:album:4H6JMsvxmh0U7VBYiWiyLa,AC/DC,Live,1992,https://open.spotify.com/album/4H6JMsvxmh0U7VBYiWiyLa,sp:4H6JMsvxmh0U7VBYiWiyLa,Album870198,5569,AC/DC,Live From the Atlantic Studios,1978,https://open.spotify.com/album/4zc05VOEyUmG4YTze8tMnZ,https://rateyourmusic.com/release/album/ac_dc/live-from-the-atlantic-studios/,
year_off_by_one;sheet_flag_yes,unpaired,spotify:album:1ywi5zQMqngyRWrmPUB0um,Cannonball Adderley,Cannonball Adderley Quintet in Chicago,1959,https://open.spotify.com/album/1ywi5zQMqngyRWrmPUB0um,sp:1ywi5zQMqngyRWrmPUB0um,Album319543,5614,Cannonball Adderley,Cannonball Adderley Quintet in Chicago,1960,https://open.spotify.com/album/5XrBfIAn0HPSmeOvcmkNpk,https://rateyourmusic.com/release/album/cannonball-adderley/cannonball-adderley-quintet-in-chicago/,
same_title_year_other_artist;sheet_flag_likely,unpaired,spotify:album:4lyOWeTFrmIdVHz36rgMnN,American Symphony Orchestra / Leopold Stokowski,Symphony No. 4,1965,https://open.spotify.com/album/4lyOWeTFrmIdVHz36rgMnN,sp:4lyOWeTFrmIdVHz36rgMnN,Album288646,5648,Charles Ives,Symphony No. 4,1965,https://open.spotify.com/album/2XrrCQEZAxa23RAXqCx6DT,https://rateyourmusic.com/release/album/american-symphony-orchestra-members-of-the-schola-cantorum-of-new-york-leopold-stokowski/symphony-no-4/,
spotify_link_names_differ,unpaired,spotify:album:18tV6PLXYvVjsdOVk0S7M8,Little Richard,Little Richard,1958,https://open.spotify.com/album/18tV6PLXYvVjsdOVk0S7M8,Album37367,Album37365,5740,Little Richard,Here's Little Richard,1957,https://open.spotify.com/album/18tV6PLXYvVjsdOVk0S7M8,https://rateyourmusic.com/release/album/little-richard/heres-little-richard/,
spotify_link_names_differ,unpaired,spotify:album:1C1wp0FcQRAU74VfkDWwSV,Marcin Przybyłowicz & Mikolai Stroinski,The Witcher 3: Wild Hunt,2015,https://open.spotify.com/album/1C1wp0FcQRAU74VfkDWwSV,Album6510883,Album7517775,5772,Marcin Przybyłowicz & Mikolai Stroinski & Piotr Musiał,The Witcher 3: Wild Hunt - Blood and Wine,2016,https://open.spotify.com/album/1C1wp0FcQRAU74VfkDWwSV,https://rateyourmusic.com/release/album/marcin-przybylowicz-mikolai-stroinski-piotr-musial/the-witcher-3-wild-hunt-blood-and-wine/,
sheet_flag_likely,unpaired,spotify:album:2ZsuTUZqxNUup2KFr4ORzI,Halford,Resurrection,2000,https://open.spotify.com/album/2ZsuTUZqxNUup2KFr4ORzI,Album15040,Album2893940,5847,Galneryus,Resurrection,2010,https://open.spotify.com/album/7Bui0KOt3GdHwAwcNHnusu,https://rateyourmusic.com/release/album/galneryus/resurrection/,
spotify_link_names_differ;edition_or_sequel;sheet_flag_yes,unpaired,spotify:album:0PEMxmj2m6pLKoqYR0WtzW,The Residents,Duck Stab,1978,https://open.spotify.com/album/0PEMxmj2m6pLKoqYR0WtzW,sp:0PEMxmj2m6pLKoqYR0WtzW,Album10595,5876,The Residents,Duck Stab / Buster & Glen,1978,https://open.spotify.com/album/0PEMxmj2m6pLKoqYR0WtzW,https://rateyourmusic.com/release/album/the-residents/duck-stab-buster-and-glen/,
spotify_link_names_differ,unpaired,spotify:album:4aG6DiV4uEySpfk9I0xRE2,Księżyc,Księżyc,1996,https://open.spotify.com/album/4aG6DiV4uEySpfk9I0xRE2,Album1055300,Album7754150,5878,Furia,Księżyc milczy luty,2016,https://open.spotify.com/album/4aG6DiV4uEySpfk9I0xRE2,https://rateyourmusic.com/release/album/furia/ksiezyc-milczy-luty/,
year_off_by_one;sheet_flag_yes,unpaired,spotify:album:3xCTOthqxSO5WgqXTRLj8U,Fairport Convention,What We Did on Our Holidays,1969,https://open.spotify.com/album/3xCTOthqxSO5WgqXTRLj8U,sp:3xCTOthqxSO5WgqXTRLj8U,Album2499,6129,Fairport Convention,What We Did on Our Holidays,1968,https://open.spotify.com/album/39BUQxMN2WPLvdivLIyrk5,https://rateyourmusic.com/release/album/fairport-convention/what-we-did-on-our-holidays/,
same_title_year_other_artist,unpaired,spotify:album:4yqm0ZLcphXs8M8cVvLKym,青葉市子 [Ichiko Aoba],0%,2014,https://open.spotify.com/album/4yqm0ZLcphXs8M8cVvLKym,sp:4yqm0ZLcphXs8M8cVvLKym,Album5431401,6244,Low Roar,0,2014,https://open.spotify.com/album/4G3ZBFg8MpTSDxDQ3m2BCb,https://rateyourmusic.com/release/album/low-roar/0/,
edition_or_sequel;sheet_flag_yes,unpaired,spotify:album:1Z4oBiD0q8rTwWIYrDwsys,The Alan Parsons Project,Tales of Mystery and Imagination,1976,https://open.spotify.com/album/1Z4oBiD0q8rTwWIYrDwsys,sp:1Z4oBiD0q8rTwWIYrDwsys,Album6617,6440,The Alan Parsons Project,Tales of Mystery and Imagination · Edgar Allan Poe,1976,https://open.spotify.com/album/0ICEGX26wNqIKLmWRpZxwx,https://rateyourmusic.com/release/album/the-alan-parsons-project/tales-of-mystery-and-imagination-edgar-allan-poe-8/,
spotify_link_names_differ,unpaired,spotify:album:4V0cCuHywHvFeYTptF1GmT,The Jimi Hendrix Experience,Live at Winterland,1987,https://open.spotify.com/album/4V0cCuHywHvFeYTptF1GmT,Album28663,Album24133,6620,Big Brother & The Holding Company,Live at Winterland '68,1998,https://open.spotify.com/album/4V0cCuHywHvFeYTptF1GmT,https://rateyourmusic.com/release/album/janis-joplin-with-big-brother-and-the-holding-company/live-at-winterland-68/,
spotify_link_names_differ,unpaired,spotify:album:6P2nv7OF0UngkW3OIcoMog,Misfits,Die Die My Darling,1984,https://open.spotify.com/album/6P2nv7OF0UngkW3OIcoMog,sp:6P2nv7OF0UngkW3OIcoMog,Album35611,6671,Misfits,Earth A.D. / Wolfs Blood,1983,https://open.spotify.com/album/6P2nv7OF0UngkW3OIcoMog,https://rateyourmusic.com/release/album/misfits/earth-a_d-wolfs-blood/,
sheet_flag_likely,unpaired,spotify:album:5Jxf3eOoGvWDGg957iXEkj,Frank Sinatra,A Swingin' Affair!,1957,https://open.spotify.com/album/5Jxf3eOoGvWDGg957iXEkj,sp:5Jxf3eOoGvWDGg957iXEkj,Album25817,6768,Dexter Gordon,A Swingin' Affair,1964,https://open.spotify.com/album/2MDFi0jt8SnjYIFwgtU2Q3,https://rateyourmusic.com/release/album/dexter-gordon/a-swingin-affair/,
same_title_year_other_artist,unpaired,spotify:album:31nThm3LyQVvrndqxhvjWl,Autechre,Garbage,1995,https://open.spotify.com/album/31nThm3LyQVvrndqxhvjWl,sp:31nThm3LyQVvrndqxhvjWl,Album1283,7115,Garbage,Garbage,1995,https://open.spotify.com/album/3gcPVCFXfShcfVtFdMBXNG,https://rateyourmusic.com/release/album/garbage/garbage/,
sheet_flag_yes,unpaired,spotify:album:1qguKtaS5xGKsNm4CelbfK,Kashiwa Daisuke,Program Music III,2020,https://open.spotify.com/album/1qguKtaS5xGKsNm4CelbfK,Album12364277,Album1006734,7245,Kashiwa Daisuke,Program Music I,2007,https://open.spotify.com/album/6Wx8t8cw8kF1P3USoiP32h,https://rateyourmusic.com/release/album/kashiwa-daisuke/program-music-i/,
spotify_link_names_differ;edition_or_sequel;sheet_flag_yes,unpaired,spotify:album:3jbnkGDaYChChu5Cs8LEvD,James Brown,'Live' at the Apollo,1963,https://open.spotify.com/album/3jbnkGDaYChChu5Cs8LEvD,sp:3jbnkGDaYChChu5Cs8LEvD,Album23903,7376,James Brown,Live' at the Apollo: Volume II,1968,https://open.spotify.com/album/3jbnkGDaYChChu5Cs8LEvD,https://rateyourmusic.com/release/album/james-brown/live-at-the-apollo-volume-ii/,
edition_or_sequel,unpaired,spotify:album:0Tw4IEPDfOj7cLefk75Qft,LCD Soundsystem,45:33,2006,https://open.spotify.com/album/0Tw4IEPDfOj7cLefk75Qft,sp:0Tw4IEPDfOj7cLefk75Qft,Album689791,7583,LCD Soundsystem,45:33: Nike+ Original Run,2006,https://open.spotify.com/album/36xUefk8CTJ1buo07IZJYh,https://rateyourmusic.com/release/album/lcd-soundsystem/45_33-nike-original-run/,
same_title_year_other_artist;sheet_flag_likely,unpaired,spotify:album:1sn9hklZXGGG73XUq7cTzs,Konzerthaus Kammerorchester Berlin / André de Ridder / Daniel Hope,Recomposed by Max Richter: Vivaldi - The Four Seasons,2012,https://open.spotify.com/album/1sn9hklZXGGG73XUq7cTzs,sp:1sn9hklZXGGG73XUq7cTzs,Album4102188,7969,Max Richter & Antonio Vivaldi,Recomposed by Max Richter: Vivaldi - The Four Seasons,2012,https://open.spotify.com/album/5yuG2LEkf7QA9ZGIXldCmy,https://rateyourmusic.com/release/album/konzerthaus-kammerorchester-berlin-andre-de-ridder-daniel-hope/recomposed-by-max-richter-vivaldi-the-four-seasons/,
spotify_link_year_differs,unpaired,spotify:album:6edM5SIgWBo8EdbiWQwIUs,Bernard Herrmann,Psycho,1975,https://open.spotify.com/album/6edM5SIgWBo8EdbiWQwIUs,Album53205,Album13118,8092,Royal Scottish National Orchestra & Joel McNeely & Bernard Herrmann,Psycho,1997,https://open.spotify.com/album/6edM5SIgWBo8EdbiWQwIUs,https://rateyourmusic.com/release/album/royal-scottish-national-orchestra-joel-mcneely-bernard-herrmann/psycho/,
spotify_link_names_differ,unpaired,spotify:album:6uJkCskko3O83SRYWQVsjS,Frank Zappa,Joe's Garage Act I,1979,https://open.spotify.com/album/6uJkCskko3O83SRYWQVsjS,Album2321,Album48789,8180,Frank Zappa,Joe's Garage Acts II & III,1979,https://open.spotify.com/album/6uJkCskko3O83SRYWQVsjS,https://rateyourmusic.com/release/album/frank-zappa/joes-garage-acts-ii-and-iii/,
year_off_by_one;sheet_flag_yes,unpaired,spotify:album:4WhHdmbsbPJKK9Zx6aZ3fQ,Irish Coffee,Irish Coffee,1972,https://open.spotify.com/album/4WhHdmbsbPJKK9Zx6aZ3fQ,sp:4WhHdmbsbPJKK9Zx6aZ3fQ,Album84288,8517,Irish Coffee,Irish Coffee,1971,https://open.spotify.com/album/3pNFr6a5CDeADVAkGBbrSJ,https://rateyourmusic.com/release/album/irish-coffee/irish-coffee/,
same_name_group,unpaired,spotify:album:3GU8BzFEAdFSRjc8jZkL3S,Justin Hurwitz,La La Land,2016,https://open.spotify.com/album/3GU8BzFEAdFSRjc8jZkL3S,Album7918465,Album7919550,9023,Justin Hurwitz,La La Land,2016,https://open.spotify.com/album/0nQJa9mRvan1HnkwbYuxAN,https://rateyourmusic.com/release/album/justin-hurwitz/la-la-land/,
sheet_flag_likely,unpaired,spotify:album:6pWgCHxQp3DYbPKxduwvmC,Sonny Rollins,Way Out West,1957,https://open.spotify.com/album/6pWgCHxQp3DYbPKxduwvmC,sp:6pWgCHxQp3DYbPKxduwvmC,Album191078,9095,Way Out West,Way Out West,1997,https://open.spotify.com/album/0mBQyQfW2Mba0lfUGNM5hP,https://rateyourmusic.com/release/album/way-out-west/way-out-west/,
similar_title,unpaired,spotify:album:4ZS20hxmwWsL7SxeknGRZx,Dream Theater,Score: 20th Anniversary World Tour,2006,https://open.spotify.com/album/4ZS20hxmwWsL7SxeknGRZx,sp:4ZS20hxmwWsL7SxeknGRZx,Album604489,9499,Dream Theater,Score,2006,https://open.spotify.com/album/2xumpnhKzt3P0hMlYeuOHe,https://rateyourmusic.com/release/album/dream-theater/score/,
year_unknown,paired,spotify:album:2w1YJXWMIco6EBf0CovvVN,David Bowie,Blackstar,,https://open.spotify.com/album/2w1YJXWMIco6EBf0CovvVN,Album6853748,Album6853748,58,David Bowie,★ [Blackstar],2016,https://open.spotify.com/album/2w1YJXWMIco6EBf0CovvVN,https://rateyourmusic.com/release/album/david-bowie/%E2%98%85-blackstar/,
year_unknown,paired,spotify:album:0eUUQ4rly8Q8PyJPWLgde2,Sweet Trip,Velocity Design Comfort,,https://open.spotify.com/album/0eUUQ4rly8Q8PyJPWLgde2,Album51085,Album51085,94,Sweet Trip,Velocity : Design : Comfort,2003,https://open.spotify.com/album/0eUUQ4rly8Q8PyJPWLgde2,https://rateyourmusic.com/release/album/sweet-trip/velocity-design-comfort/,
artist_credit_varies,paired,spotify:album:1w9O7mS9WEp5xlZUpYbDt9,Steve Reich and Musicians,Music for 18 Musicians,1978,https://open.spotify.com/album/1w9O7mS9WEp5xlZUpYbDt9,Album13083,Album13083,135,Steve Reich & Steve Reich and Musicians,Music for 18 Musicians,1978,https://open.spotify.com/album/2zUpKJnQgl3YMUJ4dqYo61,https://rateyourmusic.com/release/album/steve-reich-and-musicians/music-for-18-musicians-2/,
artist_credit_varies,paired,spotify:album:20IklXmkirz07Lpv6jnLNB,Fela Ransome Kuti & Africa 70,Expensive Shit,1975,https://open.spotify.com/album/20IklXmkirz07Lpv6jnLNB,Album33363,Album33363,209,Fela Kuti & The Africa '70,Expensive Shit,1975,https://open.spotify.com/album/6zZXBV5eC1oISyUGZFfthw,https://rateyourmusic.com/release/album/fela-ransome-kuti-and-africa-70/expensive-shit/,
artist_credit_varies,paired,spotify:album:6N2glPSb8ojSxzvGM0h8t8,Stan Getz & João Gilberto featuring Antônio Carlos Jobim,Getz / Gilberto,1964,https://open.spotify.com/album/6N2glPSb8ojSxzvGM0h8t8,Album8758,Album8758,258,Stan Getz & João Gilberto,Getz / Gilberto,1964,https://open.spotify.com/album/08HyQbnGbDvcZmEM5hPRrr,https://rateyourmusic.com/release/album/stan-getz-and-joao-gilberto-featuring-antonio-carlos-jobim/getz-gilberto/,
year_differs,paired,spotify:album:5D11vpgk0VHBCvEwxS9MNc,Ween,Live in Chicago,2004,https://open.spotify.com/album/5D11vpgk0VHBCvEwxS9MNc,Album16567804,Album16567804,288,Ween,Live in Chicago,2020,https://open.spotify.com/album/5D11vpgk0VHBCvEwxS9MNc,https://rateyourmusic.com/release/album/ween/live-in-chicago/,
year_unknown,paired,spotify:album:2dAxS22qLNJsj2QbmYCr1V,Bob Dylan,The Bootleg Series Vol 4 Live 1966 The Royal Albert Hall Concert,,https://open.spotify.com/album/2dAxS22qLNJsj2QbmYCr1V,Album2593,Album2593,357,Bob Dylan,"The Bootleg Series Vol. 4: Live 1966 - The ""Royal Albert Hall"" Concert",1998,https://open.spotify.com/album/2dAxS22qLNJsj2QbmYCr1V,https://rateyourmusic.com/release/album/bob-dylan/the-bootleg-series-vol-4-live-1966-the-royal-albert-hall-concert/,
artist_credit_varies,paired,spotify:album:1vHvJVBK0WnpbYFw4f4UTD,Bob Marley & The Wailers,Exodus,1977,https://open.spotify.com/album/1vHvJVBK0WnpbYFw4f4UTD,Album3115,Album3115,377,The Wailers,Exodus,1977,https://open.spotify.com/album/4vAGot2Vcc9LRXf673ocwh,https://rateyourmusic.com/release/album/bob-marley-and-the-wailers/exodus/,
artist_credit_varies,paired,spotify:album:6XHQCPGwvSaqv9MZ2tauqr,The Mahavishnu Orchestra With John McLaughlin,The Inner Mounting Flame,1971,https://open.spotify.com/album/6XHQCPGwvSaqv9MZ2tauqr,Album13931,Album13931,385,Mahavishnu Orchestra,The Inner Mounting Flame,1971,https://open.spotify.com/album/0chWLemqlI6G1GOEr1q1bz,https://rateyourmusic.com/release/album/the-mahavishnu-orchestra-with-john-mclaughlin/the-inner-mounting-flame/,
artist_credit_varies,paired,spotify:album:6a3zPR8tCHNkDXUBwucoFq,Fela & The Africa 70,Roforofo Fight,1972,https://open.spotify.com/album/6a3zPR8tCHNkDXUBwucoFq,Album604041,Album604041,425,Fela Kuti & The Africa '70,Roforofo Fight,1972,https://open.spotify.com/album/37jXbunc7qr8eieSsZwd4r,https://rateyourmusic.com/release/album/fela-and-the-africa-70/roforofo-fight/,
artist_credit_varies,paired,spotify:album:5Ch0G9W3mXU2tIiOBrMOwR,Chicago Symphony Orchestra / Georg Solti,Symphony No. 9 'From the New World',1984,https://open.spotify.com/album/5Ch0G9W3mXU2tIiOBrMOwR,Album2068942,Album2068942,500,Antonín Dvořák & Chicago Symphony Orchestra & Georg Solti,Symphony No. 9 'From the New World',1984,https://open.spotify.com/album/5LDKiY7a9asPKJYkDfFWqN,https://rateyourmusic.com/release/album/chicago-symphony-orchestra-sir-georg-solti/symphony-no-9-from-the-new-world/,
artist_credit_varies,paired,spotify:album:4Zkx9awRmjtUs06KshW9Hm,Wiener Philharmoniker / Carlos Kleiber,Symphonie Nr.5,1975,https://open.spotify.com/album/4Zkx9awRmjtUs06KshW9Hm,Album601717,Album601717,550,Ludwig van Beethoven & Wiener Philharmoniker & Carlos Kleiber,Symphonie Nr.5,1975,https://open.spotify.com/album/26keeNPEKWYoRbkIrpq63d,https://rateyourmusic.com/release/album/wiener-philharmoniker-carlos-kleiber/symphonie-nr_5/,
artist_credit_varies,paired,spotify:album:3HdmIB3Wzcd7bFDdsgaIbp,John Eliot Gardiner,Mass in B minor,1985,https://open.spotify.com/album/3HdmIB3Wzcd7bFDdsgaIbp,Album72156,Album72156,662,Johann Sebastian Bach & John Eliot Gardiner,Mass in B minor,1985,https://open.spotify.com/album/0WOOMbCD7P4beo7ReMiK70,https://rateyourmusic.com/release/album/john-eliot-gardiner/mass-in-b-minor-2/,
artist_credit_varies,paired,spotify:album:4BZ4Ebawdj4z6qexS8vNat,Berliner Philharmoniker / Herbert von Karajan,Symphonie Nr. 5,1962,https://open.spotify.com/album/4BZ4Ebawdj4z6qexS8vNat,Album1525373,Album1525373,681,Ludwig van Beethoven & Berliner Philharmoniker & Herbert von Karajan,Symphonie Nr. 5,1962,https://open.spotify.com/album/5QStwTVXcmgMZZXMpu5koR,https://rateyourmusic.com/release/album/berliner-philharmoniker-herbert-von-karajan/symphonie-nr-5/,
sheet_flag_missing,paired,spotify:album:67F6hVa1GWOqQrLCE5sFWR,Kirov Orchestra / Valery Gergiev,The Nutcracker,1998,https://open.spotify.com/album/67F6hVa1GWOqQrLCE5sFWR,Album418698,Album418698,735,Пётр Чайковский & Симфонический оркестр Мариинского театра & Валерий Гергиев,The Nutcracker,1998,https://open.spotify.com/album/67F6hVa1GWOqQrLCE5sFWR,https://rateyourmusic.com/release/album/kirov-orchestra-valery-gergiev/the-nutcracker/,
artist_credit_varies,paired,spotify:album:60SlBjabfs9HCkS5ihYroM,Wiener Philharmoniker / Carlos Kleiber,Symphonie Nr.7,1976,https://open.spotify.com/album/60SlBjabfs9HCkS5ihYroM,Album1326092,Album1326092,795,Ludwig van Beethoven & Wiener Philharmoniker & Carlos Kleiber,Symphonie Nr.7,1976,https://open.spotify.com/album/6eOuqhCfrTPp1H0YbQ9PmL,https://rateyourmusic.com/release/album/wiener-philharmoniker-carlos-kleiber/symphonie-nr_7/,
artist_differs,paired,spotify:album:4vArLMJQy7aoUgP0D1d2X0,London Sinfonietta / David Zinman / Dawn Upshaw,Symphony No. 3,1992,https://open.spotify.com/album/4vArLMJQy7aoUgP0D1d2X0,Album27054,Album27054,810,Henryk Mikołaj Górecki,Symphony No. 3,1992,https://open.spotify.com/album/4vArLMJQy7aoUgP0D1d2X0,https://rateyourmusic.com/release/album/london-sinfonietta-david-zinman-dawn-upshaw/symphony-no-3/,
artist_differs,paired,spotify:album:1y8ip0XxJYr4JHIvPtTett,Zappa / Mothers,Roxy & Elsewhere,1974,https://open.spotify.com/album/1y8ip0XxJYr4JHIvPtTett,Album11812,Album11812,1103,The Mothers of Invention,Roxy & Elsewhere,1974,https://open.spotify.com/album/1y8ip0XxJYr4JHIvPtTett,https://rateyourmusic.com/release/album/zappa-mothers/roxy-and-elsewhere/,
artist_credit_varies,paired,spotify:album:4XuhX3i8s1Pdbw8sIwBrpS,Maurizio Pollini,Études Op.10 & Op.25,1972,https://open.spotify.com/album/4XuhX3i8s1Pdbw8sIwBrpS,Album475452,Album475452,1107,Frédéric Chopin & Maurizio Pollini,Études Op.10 & Op.25,1972,https://open.spotify.com/album/3mgzDGCeXGjsdYAmIoa1T3,https://rateyourmusic.com/release/album/maurizio-pollini/etudes-op_10-and-op_25/,
artist_credit_varies,paired,spotify:album:5jnSwoLoxS9AL16nQjFwMg,Wiener Philharmoniker / Carlos Kleiber,Symphonie No. 4,1998,https://open.spotify.com/album/5jnSwoLoxS9AL16nQjFwMg,Album59048,Album59048,1149,Johannes Brahms & Wiener Philharmoniker & Carlos Kleiber,Symphonie No. 4,1998,https://open.spotify.com/album/0m6drSxGp5CSwgIn4J8upn,https://rateyourmusic.com/release/album/wiener-philharmoniker-carlos-kleiber/symphonie-no-4/,
sheet_flag_missing,paired,spotify:album:4Dgxy95K9BWkDUvQPTaYBb,John Mayer,Where the Light Is: John Mayer Live in Los Angeles,2008,https://open.spotify.com/album/4Dgxy95K9BWkDUvQPTaYBb,Album1501671,Album1501671,1195,John Mayer,Where the Light Is: Live in Los Angeles,2008,https://open.spotify.com/album/4Dgxy95K9BWkDUvQPTaYBb,https://rateyourmusic.com/release/album/john-mayer/where-the-light-is-live-in-los-angeles/,
sheet_flag_missing,paired,spotify:album:4XgGOMRY7H4hl6OQi5wb2Z,Christopher Larkin,Hollow Knight,2017,https://open.spotify.com/album/4XgGOMRY7H4hl6OQi5wb2Z,Album8096418,Album8096418,1224,Christopher Larkin,Hollow Knight,2017,https://open.spotify.com/album/4XgGOMRY7H4hl6OQi5wb2Z,https://rateyourmusic.com/release/album/christopher-larkin/hollow-knight/,
sheet_flag_missing,paired,spotify:album:4zyz5638QQykrPQcmpcrsa,Warning,Watching From a Distance,2006,https://open.spotify.com/album/4zyz5638QQykrPQcmpcrsa,Album798313,Album798313,1256,Warning,Watching From a Distance,2006,https://open.spotify.com/album/4zyz5638QQykrPQcmpcrsa,https://rateyourmusic.com/release/album/warning/watching-from-a-distance/,
artist_credit_varies,paired,spotify:album:1irEprDdDX9GqDP2ryptuH,Berliner Philharmoniker / Herbert von Karajan,Symphonie Nr. 7,1962,https://open.spotify.com/album/1irEprDdDX9GqDP2ryptuH,Album832036,Album832036,1377,Ludwig van Beethoven & Berliner Philharmoniker & Herbert von Karajan,Symphonie Nr. 7,1962,https://open.spotify.com/album/5U2ZIDU7MISDzXEtFbcZWJ,https://rateyourmusic.com/release/album/berliner-philharmoniker-herbert-von-karajan/symphonie-nr-7/,
artist_credit_varies,paired,spotify:album:7MOYiQcBcdYvqCyopWBj64,John Williams / London Symphony Orchestra,Star Wars,1977,https://open.spotify.com/album/7MOYiQcBcdYvqCyopWBj64,Album12873,Album12873,1412,John Williams & London Symphony Orchestra,Star Wars,1977,https://open.spotify.com/album/55gMu4AvAKCbCaGv3GIXgy,https://rateyourmusic.com/release/album/john-williams-london-symphony-orchestra/star-wars/,
artist_credit_varies,paired,spotify:album:3JyYXOBRAuc3XFQxFxrEcM,The Moody Blues With The London Festival Orchestra,Days of Future Passed,1967,https://open.spotify.com/album/3JyYXOBRAuc3XFQxFxrEcM,Album11911,Album11911,1503,The Moody Blues,Days of Future Passed,1967,https://open.spotify.com/album/7IIy4elDOHGHr6qemgpa9i,https://rateyourmusic.com/release/album/the-moody-blues/days-of-future-passed/,
artist_differs,paired,spotify:album:1GVXkLXndn3JMWi9bftSZF,Royal Concertgebouw Orchestra / Asko Ensemble / Riccardo Chailly,The Complete Works,1998,https://open.spotify.com/album/1GVXkLXndn3JMWi9bftSZF,Album12517,Album12517,1537,Edgard Varèse & 周文中,The Complete Works,1998,https://open.spotify.com/album/1GVXkLXndn3JMWi9bftSZF,https://rateyourmusic.com/release/album/royal-concertgebouw-orchestra-asko-ensemble-riccardo-chailly/the-complete-works/,
artist_credit_varies,paired,spotify:album:7kTaDGrN68gJVFY2CTTkXj,The Tale Quartet,String Quartets Nos. 1-3,1990,https://open.spotify.com/album/7kTaDGrN68gJVFY2CTTkXj,Album1321601,Album1321601,1576,Альфред Шнитке & The Tale Quartet,String Quartets Nos. 1-3,1990,https://open.spotify.com/album/0p6JUqoy79z61JBNomlzov,https://rateyourmusic.com/release/album/the-tale-quartet/string-quartets-nos-1-3/,
artist_differs,paired,spotify:album:6L2aMLoVV2UxQSmVwVPDlX,New Philharmonia Orchestra / Philharmonia Orchestra / Otto Klemperer / Christa Ludwig / Fritz Wunderlich,Das Lied von der Erde,1967,https://open.spotify.com/album/6L2aMLoVV2UxQSmVwVPDlX,Album204039,Album204039,1699,Gustav Mahler,Das Lied von der Erde,1967,https://open.spotify.com/album/6L2aMLoVV2UxQSmVwVPDlX,https://rateyourmusic.com/release/album/new-philharmonia-orchestra-philharmonia-orchestra-otto-klemperer-christa-ludwig-fritz-wunderlich/das-lied-von-der-erde/,
artist_differs,paired,spotify:album:3QrEk9Va9qO4uobczNUtqe,The Mothers,Over-Nite Sensation,1973,https://open.spotify.com/album/3QrEk9Va9qO4uobczNUtqe,Album2323,Album2323,1716,The Mothers of Invention,Over-Nite Sensation,1973,https://open.spotify.com/album/3QrEk9Va9qO4uobczNUtqe,https://rateyourmusic.com/release/album/the-mothers/over-nite-sensation/,
artist_credit_varies,paired,spotify:album:27OF0Qk1FnCZVvsyNP4L1j,The Philip Glass Ensemble,Einstein on the Beach,1979,https://open.spotify.com/album/27OF0Qk1FnCZVvsyNP4L1j,Album26051,Album26051,1735,Philip Glass & Robert Wilson,Einstein on the Beach,1979,https://open.spotify.com/album/23lcFoeNshaG9WTX9uoZaV,https://rateyourmusic.com/release/album/the-philip-glass-ensemble/einstein-on-the-beach/,
sheet_flag_missing,paired,spotify:album:0I5Te5Oi0Cbes6nwEe4uFV,Philip Glass,Koyaanisqatsi,1983,https://open.spotify.com/album/0I5Te5Oi0Cbes6nwEe4uFV,Album28513,Album28513,1748,Philip Glass,Koyaanisqatsi,1983,https://open.spotify.com/album/0I5Te5Oi0Cbes6nwEe4uFV,https://rateyourmusic.com/release/album/philip-glass/koyaanisqatsi/,
artist_credit_varies,paired,spotify:album:47tCUjdbodI5G1v5GNfa07,Sequentia,Canticles of Ecstasy,1994,https://open.spotify.com/album/47tCUjdbodI5G1v5GNfa07,Album41113,Album41113,1789,Hildegard von Bingen & Sequentia,Canticles of Ecstasy,1994,https://open.spotify.com/album/6hRd5GEi2VWMkT4MBLfDe6,https://rateyourmusic.com/release/album/sequentia/canticles-of-ecstasy/,
artist_differs,paired,spotify:album:5WE4sl6HRE59XQCy1SdPzc,Luben Yordanoff / Albert Tétard / Claude Desurmont / Daniel Barenboim,Quatuor pour la fin du temps,1988,https://open.spotify.com/album/5WE4sl6HRE59XQCy1SdPzc,Album44457,Album44457,1832,Olivier Messiaen,Quatuor pour la fin du temps,1988,https://open.spotify.com/album/5WE4sl6HRE59XQCy1SdPzc,https://rateyourmusic.com/release/album/luben-yordanoff-albert-tetard-claude-desurmont-daniel-barenboim/quatuor-pour-la-fin-du-temps/,
artist_differs,paired,spotify:album:3n1f4IPF3oo2qDgAKI2bdb,Philharmonia Orchestra / Philharmonia Chorus / Otto Klemperer / Elisabeth Schwarzkopf / Dietrich Fischer-Dieskau,A German Requiem,1962,https://open.spotify.com/album/3n1f4IPF3oo2qDgAKI2bdb,Album136540,Album136540,1921,Johannes Brahms,A German Requiem,1962,https://open.spotify.com/album/3n1f4IPF3oo2qDgAKI2bdb,https://rateyourmusic.com/release/album/the-philharmonia-orchestra-and-chorus-otto-klemperer-elisabeth-schwarzkopf-dietrich-fischer-dieskau/a-german-requiem/,
artist_credit_varies,paired,spotify:album:6D0Wyw5SZR34aWYcOLn2r3,Kool G. Rap & D.J. Polo,Live and Let Die,1992,https://open.spotify.com/album/6D0Wyw5SZR34aWYcOLn2r3,Album40240,Album40240,1954,Kool G Rap & DJ Polo,Live and Let Die,1992,https://open.spotify.com/album/4UDO4ZHvb4iq0zcVQwqkpv,https://rateyourmusic.com/release/album/kool-g-rap-and-d_j-polo/live-and-let-die/,
artist_credit_varies,paired,spotify:album:6K9RDZ8cSatoliAas4469F,Joshua Gordon / Randall Hodgkinson,Complete Works for Cello and Piano,2007,https://open.spotify.com/album/6K9RDZ8cSatoliAas4469F,Album926090,Album926090,2088,Leo Ornstein & Joshua Gordon & Randall Hodgkinson,Complete Works for Cello and Piano,2007,https://open.spotify.com/album/4khgo04m57TTASBRRLprP4,https://rateyourmusic.com/release/album/joshua-gordon-randall-hodgkinson/complete-works-for-cello-and-piano/,
sheet_flag_missing,paired,spotify:album:1NIA5CBKRCLpHL62x7GcAZ,Nelson Cavaquinho,Nelson Cavaquinho,1973,https://open.spotify.com/album/1NIA5CBKRCLpHL62x7GcAZ,Album840994,Album840994,2101,Nelson Cavaquinho,Nelson Cavaquinho,1973,https://open.spotify.com/album/1NIA5CBKRCLpHL62x7GcAZ,https://rateyourmusic.com/release/album/nelson-cavaquinho/nelson-cavaquinho/,
sheet_flag_missing,paired,spotify:album:5oEzjkSYSfC0ITRiqK6m8l,Kevin Penkin,Made in Abyss,2017,https://open.spotify.com/album/5oEzjkSYSfC0ITRiqK6m8l,Album8687117,Album8687117,2239,Kevin Penkin,Made in Abyss,2017,https://open.spotify.com/album/5oEzjkSYSfC0ITRiqK6m8l,https://rateyourmusic.com/release/album/kevin-penkin/made-in-abyss/,
artist_credit_varies,paired,spotify:album:20sKOAeeAtNRPY7DKLchPX,Fela and The Africa 70,Shakara,1972,https://open.spotify.com/album/20sKOAeeAtNRPY7DKLchPX,Album34297,Album34297,2244,Fela Kuti & The Africa '70,Shakara,1972,https://open.spotify.com/album/5gAhaJVqwO35x23N7Iatsu,https://rateyourmusic.com/release/album/fela-and-the-africa-70/shakara/,
artist_credit_varies,paired,spotify:album:0oP0XZoe62zQPxBNlayPmP,The Tallis Scholars / Peter Phillips,Spem in alium,1985,https://open.spotify.com/album/0oP0XZoe62zQPxBNlayPmP,Album418641,Album418641,2336,Thomas Tallis & The Tallis Scholars & Peter Phillips,Spem in alium,1985,https://open.spotify.com/album/69n01dGwqZ5d5b1GITfP7G,https://rateyourmusic.com/release/album/the-tallis-scholars-peter-phillips/spem-in-alium/,
artist_credit_varies;sheet_flag_missing,paired,spotify:album:7ea8NdSdM8xTsJT6dCfE3u,Getatchew Mekuria & The Ex & Guests,Moa Anbessa,2006,https://open.spotify.com/album/7ea8NdSdM8xTsJT6dCfE3u,Album775507,Album775507,2434,ጌታቸው መኩሪያ & The Ex,ሞአ አንበሳ,2006,https://open.spotify.com/album/6DYOklNVYNlEVY8adWCGJL,https://rateyourmusic.com/release/album/getatchew-mekuria-and-the-ex-and-guests/%E1%88%9E%E1%8A%A0-%E1%8A%A0%E1%8A%95%E1%89%A0%E1%88%B3/,
artist_differs;sheet_flag_missing,paired,spotify:album:0pPXmjmIGwCtIBWiOXO71k,Estonian Philharmonic Chamber Choir / Tallinn Chamber Orchestra / Tõnu Kaljuste,Te Deum,1993,https://open.spotify.com/album/0pPXmjmIGwCtIBWiOXO71k,Album13175,Album13175,2465,Arvo Pärt,Te Deum,1993,https://open.spotify.com/album/0pPXmjmIGwCtIBWiOXO71k,https://rateyourmusic.com/release/album/tallinn-chamber-orchestra-estonian-philharmonic-chamber-choir-tonu-kaljuste/te-deum/,
artist_credit_varies,paired,spotify:album:4t1qyfHV42y3WyEoTtU8lV,Chicago Symphony / Fritz Reiner,Scheherazade,1960,https://open.spotify.com/album/4t1qyfHV42y3WyEoTtU8lV,Album132050,Album132050,2508,Николай Римский-Корсаков & Chicago Symphony Orchestra & Fritz Reiner,Scheherazade,1960,https://open.spotify.com/album/5wBIMFzCE3PnnCQipLhaMl,https://rateyourmusic.com/release/album/chicago-symphony-reiner/scheherazade/,
artist_credit_varies,paired,spotify:album:6fc4GX6bZuozIrmFMAbvB1,Klangforum Wien / Sylvain Cambreling,in vain,2003,https://open.spotify.com/album/6fc4GX6bZuozIrmFMAbvB1,Album155923,Album155923,2739,Georg Friedrich Haas & Klangforum Wien & Sylvain Cambreling,in vain,2003,https://open.spotify.com/album/2bhKUfu51KgyGuf3UPTaj3,https://rateyourmusic.com/release/album/klangforum-wien-sylvain-cambreling/in-vain/,
artist_credit_varies,paired,spotify:album:4HHzCznMAgT2IakfthHloQ,Orquesta Sinfónica de Galicia / José Ramón Encinar,Complete Orchestral Works,2003,https://open.spotify.com/album/4HHzCznMAgT2IakfthHloQ,Album819606,Album819606,2766,Francisco Guerrero & Orquesta Sinfónica de Galicia & José Ramón Encinar,Complete Orchestral Works,2003,https://open.spotify.com/album/3VbOoRlXnexZD5cnHPYImn,https://rateyourmusic.com/release/album/orquesta-sinfonica-de-galicia-jose-ramon-encinar/complete-orchestral-works/,
artist_credit_varies,paired,spotify:album:6jxiWDWZNGnk9rSoMlqdKB,Africa Express,Africa Express Presents... Terry Riley's In C Mali,2014,https://open.spotify.com/album/6jxiWDWZNGnk9rSoMlqdKB,Album6105877,Album6105877,2817,Terry Riley & Africa Express,Africa Express Presents... Terry Riley's In C Mali,2014,https://open.spotify.com/album/3iNs9jHZnlIzTNy6hNe5Wr,https://rateyourmusic.com/release/album/africa-express/africa-express-presents-terry-rileys-in-c-mali/,
artist_differs,paired,spotify:album:3LXOrVXLXwRiOguE446OZo,Ritchie Blackmore's Rainbow,Ritchie Blackmore's Rainbow,1975,https://open.spotify.com/album/3LXOrVXLXwRiOguE446OZo,Album7663,Album7663,2846,Rainbow,Ritchie Blackmore's Rainbow,1975,https://open.spotify.com/album/3LXOrVXLXwRiOguE446OZo,https://rateyourmusic.com/release/album/ritchie-blackmores-rainbow/ritchie-blackmores-rainbow/,
artist_credit_varies,paired,spotify:album:4MGdY1hGi1FhQAHB2t3rbu,New York Philharmonic / Leonard Bernstein,Symphonie fantastique,1964,https://open.spotify.com/album/4MGdY1hGi1FhQAHB2t3rbu,Album589883,Album589883,2952,Hector Berlioz & New York Philharmonic & Leonard Bernstein,Symphonie fantastique,1964,https://open.spotify.com/album/6PPMK7fERLCQXoBuNoG0N2,https://rateyourmusic.com/release/album/new-york-philharmonic-leonard-bernstein/symphonie-fantastique/,
artist_credit_varies,paired,spotify:album:5FElpzjo07AXmZdkL4eRpW,Toumani Diabaté With Ballaké Sissoko,New Ancient Strings,1999,https://open.spotify.com/album/5FElpzjo07AXmZdkL4eRpW,Album158651,Album158651,3023,Toumani Diabaté & Ballaké Sissoko,New Ancient Strings,1999,https://open.spotify.com/album/4QYwF3SPWWDwoiS8SnKX4X,https://rateyourmusic.com/release/album/toumani-diabate-with-ballake-sissoko/new-ancient-strings/,
artist_credit_varies,paired,spotify:album:2ZZeTboaLVrHqvyTAFUeS0,Chicago Symphony Orchestra / Fritz Reiner,Concerto for Orchestra,1956,https://open.spotify.com/album/2ZZeTboaLVrHqvyTAFUeS0,Album148848,Album148848,3054,Béla Bartók & Chicago Symphony Orchestra & Fritz Reiner,Concerto for Orchestra,1956,https://open.spotify.com/album/1nGtjcTDLObZqBxtib8vgW,https://rateyourmusic.com/release/album/chicago-symphony-orchestra-fritz-reiner/concerto-for-orchestra/,
artist_credit_varies,paired,spotify:album:0xeEJgJP2Mkyr3dMKbCQP3,clipping.,There Existed an Addiction to Blood,2019,https://open.spotify.com/album/0xeEJgJP2Mkyr3dMKbCQP3,Album10551933,Album10551933,3068,Annea Lockwood & clipping.,There Existed an Addiction to Blood,2019,https://open.spotify.com/album/1sJzod7aGgZwu2ShYec8GQ,https://rateyourmusic.com/release/album/clipping/there-existed-an-addiction-to-blood/,
artist_credit_varies,paired,spotify:album:0gS4PbZd5DDGqSJBxswZyM,Fela Anikulapo Kuti and the Afrika 70,Shuffering and Shmiling,1978,https://open.spotify.com/album/0gS4PbZd5DDGqSJBxswZyM,Album77812,Album77812,3309,Fela Kuti & The Africa '70,Shuffering and Shmiling,1978,https://open.spotify.com/album/0bJQVI1StZKblxr0H3pXqh,https://rateyourmusic.com/release/album/fela-anikulapo-kuti-and-the-afrika-70/shuffering-and-shmiling/,
sheet_flag_missing,paired,spotify:album:6rdNbdV3T4muFFFSjGdOj9,The Knife,Silent Shout,2006,https://open.spotify.com/album/6rdNbdV3T4muFFFSjGdOj9,Album474362,Album474362,3405,The Knife,Silent Shout,2006,https://open.spotify.com/album/6rdNbdV3T4muFFFSjGdOj9,https://rateyourmusic.com/release/album/the-knife/silent-shout/,
artist_differs;sheet_flag_missing,paired,spotify:album:2GjAbXEAgLqGi0jRc93XAU,Estonian Philharmonic Chamber Choir / Paul Hillier,Da pacem,2006,https://open.spotify.com/album/2GjAbXEAgLqGi0jRc93XAU,Album679717,Album679717,3454,Arvo Pärt,Da pacem,2006,https://open.spotify.com/album/2GjAbXEAgLqGi0jRc93XAU,https://rateyourmusic.com/release/album/estonian-philharmonic-chamber-choir-paul-hillier-christopher-bowers-broadbent/da-pacem/,
sheet_flag_missing,paired,spotify:album:1qNCSJJHFZTj7ZNMSu8ypI,Keller Quartett,Die Kunst der Fuge,1998,https://open.spotify.com/album/1qNCSJJHFZTj7ZNMSu8ypI,Album797286,Album797286,3540,Johann Sebastian Bach & Keller Quartett,Die Kunst der Fuge,1998,https://open.spotify.com/album/1qNCSJJHFZTj7ZNMSu8ypI,https://rateyourmusic.com/release/album/keller-quartett/die-kunst-der-fuge/,
sheet_flag_missing,paired,spotify:album:5EaD84ux8rRxZmyZlxnG43,下村陽子 [Yoko Shimomura],Kingdom Hearts,2002,https://open.spotify.com/album/5EaD84ux8rRxZmyZlxnG43,Album35127,Album35127,3715,下村陽子,Kingdom Hearts,2002,,https://rateyourmusic.com/release/album/%E4%B8%8B%E6%9D%91%E9%99%BD%E5%AD%90/kingdom-hearts-1/,
sheet_flag_missing,paired,spotify:album:4WWzemJiMfNnxbYAmz63fC,Tindersticks,Tindersticks,1993,https://open.spotify.com/album/4WWzemJiMfNnxbYAmz63fC,Album2680,Album2680,4006,Tindersticks,Tindersticks,1993,https://open.spotify.com/album/3uRmNtMwZTaG2FtrXapm9K,https://rateyourmusic.com/release/album/tindersticks/tindersticks/,
artist_credit_varies;sheet_flag_missing,paired,spotify:album:6eOuqhCfrTPp1H0YbQ9PmL,Wiener Philharmoniker / Leonard Bernstein,Symphonie No. 5,1988,https://open.spotify.com/album/6eOuqhCfrTPp1H0YbQ9PmL,Album140655,Album140655,4012,Gustav Mahler & Wiener Philharmoniker & Leonard Bernstein,Symphonie No. 5,1988,https://open.spotify.com/album/5ENEAfJFQNuvww1jxjcnbu,https://rateyourmusic.com/release/album/wiener-philharmoniker-leonard-bernstein/symphonie-no-5-1/,
sheet_flag_missing,paired,spotify:album:7JbbUP152jaRbhQ7CJ1DOy,Natalia Lafourcade,Musas Vol. 2,2018,https://open.spotify.com/album/7JbbUP152jaRbhQ7CJ1DOy,Album8907612,Album8907612,4036,Natalia Lafourcade,Musas vol. 2,2018,https://open.spotify.com/album/7JbbUP152jaRbhQ7CJ1DOy,https://rateyourmusic.com/release/album/natalia-lafourcade/musas-vol-2/,
artist_credit_varies,paired,spotify:album:6edM5SIgWBo8EdbiWQwIUs,Bernard Herrmann,Psycho,1975,https://open.spotify.com/album/6edM5SIgWBo8EdbiWQwIUs,Album53205,Album53205,4127,Bernard Herrmann & National Philharmonic Orchestra,Psycho,1975,https://open.spotify.com/album/4MCrxukYs535lAr1miiikf,https://rateyourmusic.com/release/album/bernard-herrmann-national-philharmonic-orchestra/psycho/,
artist_credit_varies,paired,spotify:album:2frSEIQat4tSS4nCcrW0Hy,Wynton Kelly Trio / Wes Montgomery,Smokin' at the Half Note,1965,https://open.spotify.com/album/2frSEIQat4tSS4nCcrW0Hy,Album79428,Album79428,4199,Wynton Kelly & Wes Montgomery,Smokin' at the Half Note,1965,https://open.spotify.com/album/6kkXNkmh8FfOvBOvP4U2VD,https://rateyourmusic.com/release/album/wynton-kelly-trio-wes-montgomery/smokin-at-the-half-note/,
artist_differs,paired,spotify:album:0b40AMmZPt7sjgw17WGk1s,London Symphony Orchestra / John Barbirolli / Jacqueline du Pré / Janet Baker,Cello Concerto; Sea Pictures,1965,https://open.spotify.com/album/0b40AMmZPt7sjgw17WGk1s,Album178636,Album178636,4259,Edward Elgar,Cello Concerto; Sea Pictures,1965,https://open.spotify.com/album/0b40AMmZPt7sjgw17WGk1s,https://rateyourmusic.com/release/album/london-symphony-orchestra-sir-john-barbirolli-jacqueline-du-pre-janet-baker/cello-concerto-sea-pictures/,
artist_differs,paired,spotify:album:2iZvfv5wU8DxGm2o2O1dis,Waylon Jennings,Dreaming My Dreams,1975,https://open.spotify.com/album/2iZvfv5wU8DxGm2o2O1dis,Album41340,Album41340,4288,Waylon,Dreaming My Dreams,1975,https://open.spotify.com/album/2iZvfv5wU8DxGm2o2O1dis,https://rateyourmusic.com/release/album/waylon/dreaming-my-dreams/,
artist_credit_varies,paired,spotify:album:5LDLHEKDGdGJhwRgONrUiT,Captain Beefheart & His Magic Band,Mirror Man,1971,https://open.spotify.com/album/5LDLHEKDGdGJhwRgONrUiT,Album8096,Album8096,4530,Captain Beefheart & The Magic Band,Mirror Man,1971,https://open.spotify.com/album/0zVBgYQOuVbTDl3d9VnINe,https://rateyourmusic.com/release/album/captain-beefheart-and-his-magic-band/mirror-man/,
artist_credit_varies,paired,spotify:album:5LD2jp2QnBxZ0O6BtqaJS1,植松伸夫 [Nobuo Uematsu] / 浜渦正志 [Masashi Hamauzu] / 鈴木光人 [Mitsuto Suzuki],Final Fantasy VII Remake,2020,https://open.spotify.com/album/5LD2jp2QnBxZ0O6BtqaJS1,Album11309585,Album11309585,4684,植松伸夫 & 浜渦正志 & 鈴木光人,Final Fantasy VII Remake,2020,https://open.spotify.com/album/2ufkFJsK2Hh2ZdmgrRmCv3,https://rateyourmusic.com/release/album/%E6%A4%8D%E6%9D%BE%E4%BC%B8%E5%A4%AB-%E6%B5%9C%E6%B8%A6%E6%AD%A3%E5%BF%97-%E9%88%B4%E6%9C%A8%E5%85%89%E4%BA%BA/final-fantasy-vii-remake/,
artist_credit_varies,paired,spotify:album:2yTuKGgB7zE6l3SxeiS1wU,Arditti String Quartet,Streichquartett Op. 3; Lyrische Suite,1994,https://open.spotify.com/album/2yTuKGgB7zE6l3SxeiS1wU,Album764659,Album764659,4707,Alban Berg & Arditti Quartet,Streichquartett Op. 3; Lyrische Suite,1994,https://open.spotify.com/album/2aBerPdiiZKEckT5RHg8J1,https://rateyourmusic.com/release/album/arditti-quartet/streichquartett-op-3-lyrische-suite/,
artist_differs,paired,spotify:album:3kYhw19SFaOanazThWHgK8,Paco de Lucía,Concierto de Aranjuez,1991,https://open.spotify.com/album/3kYhw19SFaOanazThWHgK8,Album391847,Album391847,4843,Joaquín Rodrigo & Isaac Albéniz,Concierto de Aranjuez,1991,https://open.spotify.com/album/3kYhw19SFaOanazThWHgK8,https://rateyourmusic.com/release/album/paco-de-lucia/concierto-de-aranjuez/,
sheet_flag_missing,paired,spotify:album:0q41u8oMFT9Ewr2tqGnmL8,Tim Maia,Tim Maia,1971,https://open.spotify.com/album/0q41u8oMFT9Ewr2tqGnmL8,Album87893,Album87893,4861,Tim Maia,Tim Maia,1971,https://open.spotify.com/album/1crN3RnAw8N6BztzuEAo8A,https://rateyourmusic.com/release/album/tim-maia/tim-maia/,
year_differs,paired,spotify:album:7p2Kuwd0ML5eGoRKQtxTqi,АукцЫон [Auktyon],Бодун,1991,https://open.spotify.com/album/7p2Kuwd0ML5eGoRKQtxTqi,Album121604,Album121604,5803,АукцЫон,Бодун,1995,https://open.spotify.com/album/7p2Kuwd0ML5eGoRKQtxTqi,https://rateyourmusic.com/release/album/%D0%B0%D1%83%D0%BA%D1%86%D1%8B%D0%BE%D0%BD/%D0%B1%D0%BE%D0%B4%D1%83%D0%BD/,
sheet_flag_missing,paired,spotify:album:2cCaL3kdBwQ2k4SZF1jP8K,Cristobal Tapia de Veer,Utopia,2013,https://open.spotify.com/album/2cCaL3kdBwQ2k4SZF1jP8K,Album5738166,Album5738166,5820,Cristobal Tapia de Veer,Utopia,2013,https://open.spotify.com/album/6cd1amYQvBxORs6hAJMZey,https://rateyourmusic.com/release/album/cristobal-tapia-de-veer/utopia/,
artist_credit_varies,paired,spotify:album:4HmWOsD5ggw9It34pM7nUf,Grand Funk,Grand Funk,1969,https://open.spotify.com/album/4HmWOsD5ggw9It34pM7nUf,Album11855,Album11855,5879,Grand Funk Railroad,Grand Funk,1969,https://open.spotify.com/album/4xVHpNxZXyE6WGL99GYdBQ,https://rateyourmusic.com/release/album/grand-funk-railroad/grand-funk/,
artist_credit_varies,paired,spotify:album:1qgHb6l3H8xHuBQrFtvjKN,Antony and the Johnsons,I Am a Bird Now,2005,https://open.spotify.com/album/1qgHb6l3H8xHuBQrFtvjKN,Album216550,Album216550,6206,ANOHNI and The Johnsons,I Am a Bird Now,2005,https://open.spotify.com/album/0hiJeb1ycFFXyW12j61sfB,https://rateyourmusic.com/release/album/anohni-and-the-johnsons/i-am-a-bird-now/,
artist_differs,paired,spotify:album:6uJkCskko3O83SRYWQVsjS,Frank Zappa,Joe's Garage Act I,1979,https://open.spotify.com/album/6uJkCskko3O83SRYWQVsjS,Album2321,Album2321,6313,Zappa,Joe's Garage Act I,1979,https://open.spotify.com/album/6uJkCskko3O83SRYWQVsjS,https://rateyourmusic.com/release/album/zappa/joes-garage-act-i/,
sheet_flag_missing,paired,spotify:album:3tTqBkR89I0oODc5enVLnj,Various Artists,Singles,1992,https://open.spotify.com/album/3tTqBkR89I0oODc5enVLnj,Album20944,Album20944,6328,Various Artists,Singles,1992,https://open.spotify.com/album/58BEJ01sL8wK5LV3TPyngC,https://rateyourmusic.com/release/album/various-artists/singles/,
sheet_flag_missing,paired,spotify:album:5CBUobzAmO8mdaFeuG7HJe,寺田創一 [Soichi Terada],Ape Escape: Originape Soundtracks,2011,https://open.spotify.com/album/5CBUobzAmO8mdaFeuG7HJe,Album4239947,Album4239947,6615,Soichi Terada,サルゲッチュ オリジサル サウンドトラック,2011,https://open.spotify.com/album/1qrnvkgoCq3hJlw6k4ATiR,https://rateyourmusic.com/release/album/soichi-terada/%E3%82%B5%E3%83%AB%E3%82%B2%E3%83%83%E3%83%81%E3%83%A5-%E3%82%AA%E3%83%AA%E3%82%B8%E3%82%B5%E3%83%AB-%E3%82%B5%E3%82%A6%E3%83%B3%E3%83%89%E3%83%88%E3%83%A9%E3%83%83%E3%82%AF/,
artist_credit_varies,paired,spotify:album:3vkVhAKhudQjsjLchc8RU6,Cliff Jordan and John Gilmore,Blowing In From Chicago,1957,https://open.spotify.com/album/3vkVhAKhudQjsjLchc8RU6,Album80968,Album80968,6738,Clifford Jordan & John Gilmore,Blowing In From Chicago,1957,https://open.spotify.com/album/1zy0Hh6qRfvWeZrdPbg6i5,https://rateyourmusic.com/release/album/cliff-jordan-and-john-gilmore/blowing-in-from-chicago/,
sheet_flag_missing,paired,spotify:album:0TDR91zfgRBdMV6iX1whhj,Angelo Badalamenti & David Lynch,Twin Peaks Music: Season Two Music and More,2007,https://open.spotify.com/album/0TDR91zfgRBdMV6iX1whhj,Album1116585,Album1116585,7019,Angelo Badalamenti & David Lynch,Twin Peaks: Season Two Music and More,2007,https://open.spotify.com/album/0TDR91zfgRBdMV6iX1whhj,https://rateyourmusic.com/release/album/angelo-badalamenti-and-david-lynch/twin-peaks-season-two-music-and-more/,
sheet_flag_missing,paired,spotify:album:6oN7rDjXg03uGblQzuk52p,Various Artists,Woodstock,1970,https://open.spotify.com/album/6oN7rDjXg03uGblQzuk52p,Album20249,Album20249,7066,Various Artists,Woodstock,1970,,https://rateyourmusic.com/release/album/various-artists/woodstock/,
sheet_flag_missing,paired,spotify:album:1qguKtaS5xGKsNm4CelbfK,Kashiwa Daisuke,Program Music III,2020,https://open.spotify.com/album/1qguKtaS5xGKsNm4CelbfK,Album12364277,Album12364277,7251,Kashiwa Daisuke,Program Music III,2020,https://open.spotify.com/album/1qguKtaS5xGKsNm4CelbfK,https://rateyourmusic.com/release/album/kashiwa-daisuke/program-music-iii/,
artist_credit_varies,paired,spotify:album:60hRKwA9naYI5M80A9Ucdp,"Roy Haynes, Phineas Newborn, Paul Chambers",We Three,1959,https://open.spotify.com/album/60hRKwA9naYI5M80A9Ucdp,Album168527,Album168527,7510,Roy Haynes & Phineas Newborn Jr. & Paul Chambers,We Three,1959,https://open.spotify.com/album/0WRlg56yojn2oenS3pub5h,https://rateyourmusic.com/release/album/roy-haynes-phineas-newborn-paul-chambers/we-three/,
sheet_flag_missing,paired,spotify:album:2ZsuTUZqxNUup2KFr4ORzI,Halford,Resurrection,2000,https://open.spotify.com/album/2ZsuTUZqxNUup2KFr4ORzI,Album15040,Album15040,7573,Halford,Resurrection,2000,https://open.spotify.com/album/2ZsuTUZqxNUup2KFr4ORzI,https://rateyourmusic.com/release/album/halford/resurrection/,
sheet_flag_missing,paired,spotify:album:49JY9t0A5zrJDju607rmeg,Boris,Smile,2008,https://open.spotify.com/album/49JY9t0A5zrJDju607rmeg,Album1997523,Album1997523,7841,Boris,Smile,2008,https://open.spotify.com/album/49JY9t0A5zrJDju607rmeg,https://rateyourmusic.com/release/album/boris/smile/,
artist_credit_varies,paired,spotify:album:0LUi08SLGlWvCPWv6ybipF,Black Kray,Thug Angel,2015,https://open.spotify.com/album/0LUi08SLGlWvCPWv6ybipF,Album6308297,Album6308297,8440,Black Kray (Lil Rari),Thug Angel,2015,https://open.spotify.com/album/1LQ7pw3xsrAUs2i3KCpl0R,https://rateyourmusic.com/release/album/black-kray-lil-rari/thug-angel/,
sheet_flag_missing,paired,spotify:album:1F5GeGrkJ2MkseVNykklkB,Bill Hicks,Relentless,1992,https://open.spotify.com/album/1F5GeGrkJ2MkseVNykklkB,Album703563,Album703563,8889,Bill Hicks,Relentless,1992,https://open.spotify.com/album/1F5GeGrkJ2MkseVNykklkB,https://rateyourmusic.com/release/album/bill-hicks/relentless/,
sheet_flag_missing,paired,spotify:album:5jTYZA6b4VoSRnR5TMldgb,Darren Korb,Hades: Original Soundtrack,2020,https://open.spotify.com/album/5jTYZA6b4VoSRnR5TMldgb,Album12030323,Album12030323,9530,Darren Korb,Hades,2020,https://open.spotify.com/album/5jTYZA6b4VoSRnR5TMldgb,https://rateyourmusic.com/release/album/darren-korb/hades/,
year_differs,paired,spotify:album:6gNyXr6nNjX0JVQd5VCUM6,Ed Harrison,Neotokyo,2009,https://open.spotify.com/album/6gNyXr6nNjX0JVQd5VCUM6,Album2179250,Album2179250,9643,Ed Harrison,Neotokyo,2011,https://open.spotify.com/album/6gNyXr6nNjX0JVQd5VCUM6,https://rateyourmusic.com/release/album/ed-harrison/neotokyo-1/,
artist_credit_varies,paired,spotify:album:0UzcBQ0p8f4byXmGo3MMa6,Disasterpeace,FEZ,2012,https://open.spotify.com/album/0UzcBQ0p8f4byXmGo3MMa6,Album3969622,Album3969622,9707,Frédéric Chopin & Disasterpeace,FEZ,2012,https://open.spotify.com/album/6QtCv5E76lUVbXfUFZxLuH,https://rateyourmusic.com/release/album/disasterpeace/fez/,
sheet_flag_missing,paired,spotify:album:28qbOp4dEh18N5u6FInyOO,Various Artists,Cabaret,1972,https://open.spotify.com/album/28qbOp4dEh18N5u6FInyOO,Album37048,Album37048,9926,Various Artists,Cabaret,1972,https://open.spotify.com/album/28qbOp4dEh18N5u6FInyOO,https://rateyourmusic.com/release/album/various-artists/cabaret/,
