rym_id,slug,site_id,opens,note
Album39581,live-at-the-fillmore-east-hendrix,0X8uUl77dOADdr7v1ECVB2,"Jimi Hendrix - Band Of Gypsys (50th Anniversary / Live At Fillmore East, 1970) (6 tracks, 46 min)",A different live album.
Album29700,the-jimi-hendrix-concerts-jimi-hendrix,1kCKuBSxO5w8MPN31pP9K9,"Jimi Hendrix - Songs For Groovy Children: The Fillmore East Concerts (43 tracks, 315 min)",A different live set.
Album5200146,0-ichiko-aoba,4yqm0ZLcphXs8M8cVvLKym,"Ichiko Aoba - ０ (8 tracks, 59 min)",From the shared ids (report.md).
sp:65AZCCjT1TuGGW7wUWnQop,scriabin-recital-vladimir-sofronitsky,65AZCCjT1TuGGW7wUWnQop,"Vladimir Horowitz - Vladimir Horowitz live at Carnegie Hall - Recital January 17, 1949: Bach, Clementi, Schumann, Chopin, Prokofiev, Rachmaninoff, Debussy, Scriabin, Liszt, Scarlatti, Moszkowski & Horowitz (21 tracks, 95 min)",
Album28663,live-at-winterland-the-jimi-hendrix-experience,4V0cCuHywHvFeYTptF1GmT,"Big Brother & The Holding Company - Janis Joplin Live At Winterland '68 (14 tracks, 76 min)",From the shared ids (report.md).
Album292201,symphonic-suite-akira-geinoh-yamashirogumi,0ItGRGs7WvBi4z1dXFJOoO,"Geinoh Yamashirogumi - Kaneda (from ""AKIRA Symphonic Suite"") (1 tracks, 3 min)",
sp:3gEqq6EYr32lyb63XEKBqK,past-lives-black-sabbath,3gEqq6EYr32lyb63XEKBqK,"Cypher - Past Lives / Black Darkness (2 tracks, 12 min)",
Album9662313,live-on-the-moon-king-krule,1QUssCgKTWTPQZeIW8MXVf,"Bob King - There He Is Baby, Swinging Up On That Moon (Live On The Ed Sullivan Show, January 23, 1966) (1 tracks, 5 min)",
Album789949,live-at-hammersmith-odeon-black-sabbath,6rEEIByeXzozMiiUOm9GHx,"Black Sabbath - Voodoo (Live at the Hammersmith Odeon, London, UK, 12/31/1981) (2 tracks, 9 min)",A 2-track single taken from the album.
Album772221,last-concert-ground-zero,5bJxnTCj3NQiq3cH0PZNEO,"Pelle Gudmundsen-Holmgreen - Gudmundsen-Holmgreen: Concerto Grosso, Moving Still & Last Ground (4 tracks, 9 min)",
sp:7aKzrHCJ0Y5Mdb44uMDakg,anthology-john-lennon,7aKzrHCJ0Y5Mdb44uMDakg,"WWE - WWE: Anthology - The Attitude Era, Vol. 2 (35 tracks, 79 min)",
Album19972,ghost-in-the-shell-kenji-kawai,1GJWxG3TNawv3PCYrVYB7k,"Kenji Kawai - Utai IV: Reawakening (From ""Ghost in the Shell"") [Steve Aoki Remix] (1 tracks, 5 min)",
Album244941,silent-hill-akira-yamaoka,5XjZ6xhbPbALPVGd5Zx0Cw,"Akira Yamaoka - SILENT HILL2 （Original Soundtrack） (30 tracks, 73 min)",From the shared ids (report.md).
Album280331,consume-red-ground-zero,1eia3gtsrOw9b2U28iMbto,"Igor Krutogolov's Toy Orchestra - Ground Zero: Consume Red (1 tracks, 56 min)",A cover of the piece by another ensemble.
Album85121,concerto-no-1-rca-victor-symphony-orchestra-kirill-kondrashin-van-cliburn,25Uej9vkdGxJOclrpDaetA,"Wolfgang Amadeus Mozart - Mozart: Piano Concerto No. 23 in A Major, K. 488 & Piano Concerto No. 21 in C Major, K. 467 (6 tracks, 55 min)",
sp:3jbnkGDaYChChu5Cs8LEvD,live-at-the-apollo-james-brown,3jbnkGDaYChChu5Cs8LEvD,"James Brown & The Famous Flames - 'Live' At The Apollo (Vol. II) (19 tracks, 74 min)",From the shared ids (report.md).
Album4594304,off-alias-conrad-coldwood,3TnB2YzWzjDb0qBGb5KBKi,"Chunk - Off the Lean (feat. Alias Tone) - Single (1 tracks, 2 min)",
sp:4pSCGZfWXF7z8QBwUFZ4eU,12-5-pain-of-salvation,4pSCGZfWXF7z8QBwUFZ4eU,"Janos Decsenyi - Decsenyi, J.: Farewell To A Vanished Century / 5 Csontvary Paintings / The 12Th Symphony of S. Weores / Epitaph From Aquincum (36 tracks, 139 min)",
sp:70qW8u5D3htj4ALS9lDfof,live-genesis,70qW8u5D3htj4ALS9lDfof,"Genesis - Live Over Europe, 2007 (21 tracks, 139 min)",A different live album (2007).
Album35127,kingdom-hearts-yoko-shimomura,5EaD84ux8rRxZmyZlxnG43,"Yoko Shimomura - Sinister Shadows (From ""Kingdom Hearts 2"") (1 tracks, 4 min)",
Album129555,piano-bass-drums-the-necks,3lL10MRPKiwSZ8Hard0FNc,"Jazz Chillout - Slow, romantic lounge jazz theme with soft bass, delicate piano and gently brushed drums (22 tracks, 90 min)",
sp:0XTMPQ2ktKd6GNs7sFXfCC,alive-kiss,0XTMPQ2ktKd6GNs7sFXfCC,"Jadakiss - Top 5 Dead Or Alive (18 tracks, 61 min)",
sp:4H6JMsvxmh0U7VBYiWiyLa,live-ac-dc,4H6JMsvxmh0U7VBYiWiyLa,"AC/DC - Live at River Plate (19 tracks, 111 min)",A different live album (2012).
Album633771,banjo-kazooie-grant-kirkhope,06OSqyKtj55mAoDYs9rtmf,"Grant Kirkhope - Banjo Kazooie: Re-Jiggyed (10 tracks, 44 min)","A re-arranged album, not the 1998 soundtrack."
Album129557,hanging-gardens-the-necks,37EgZgL425BrEDh7fM06Mn,"Arnold Schoenberg - Schoenberg: The Hanging Gardens (27 tracks, 64 min)",
Album256025,on-the-run-tommy-wright-iii,1sDBYpSKopHBSHj0q0oaIO,"Tom Lindh - Sometimes You Are Just My Asshole + Tommy Is on the Run (2 tracks, 6 min)",
Album2560,tupelo-honey-van-morrison,0kH3g3ehXE1eVhgt20cBOy,"The Karaoke Channel - The Karaoke Channel - Sing Tupelo Honey Like Van Morrison (2 tracks, 14 min)",
sp:3DCQhS6eII8WUExSzdN9sE,west-side-story-various-artists,3DCQhS6eII8WUExSzdN9sE,"Leonard Bernstein - Bernstein: West Side Story (27 tracks, 77 min)","The 1985 studio recording conducted by Bernstein (Carreras), not the 1961 film soundtrack."
Album179959,live-high-rise,2nDZzoNkKSKv8vZqncmbWD,"Highpoint Worship - Risen King of Glory (Live) (1 tracks, 6 min)",
Album398888,neal-morse,0KdAbTq8g65KxB8wxCEElb,"The Neal Morse Band - Innocence & Danger (10 tracks, 100 min)",
sp:5RRib8eRMf8OthdvJX26iU,playing-the-piano-ryuichi-sakamoto,5RRib8eRMf8OthdvJX26iU,"Ryuichi Sakamoto - Playing the Piano 12122020 (15 tracks, 66 min)",From the shared ids (report.md).
Album569217,fifth-angel-fifth-angel,2NFVGjOe4vRXmudFIjgvfI,"Muscadine Bloodline - Porch Swing Angel (Fifth Anniversary) (1 tracks, 4 min)",
Album13835,v-spocks-beard,7vjVNS0mjLmZECnE4i3zhg,"Spock's Beard - Feel Euphoria (Bonus Tracks Version) (15 tracks, 74 min)",
Album129553,aquatic-the-necks,2ISt4iZQ8tAm8SXVdZb0Fi,"Kendall Street Company - The Nautical Aquatical (6 tracks, 22 min)",
Album110962,prison-steven-jesse-bernstein,085fXzscUzEAcj9dv042VK,"Steve Forest - Prisoner (1 tracks, 3 min)",
Album193869,one-neal-morse,5UuWUoyoe19OXumAa7oOWS,"Neal Francis - Changes, Pt. 1 (1 tracks, 5 min)","Already noted in the pipeline README (""One"" shows a Neal Francis sleeve)."
sp:1DqmjjZWSoD8786dZ0mHWV,the-lion-king-elton-john-tim-rice-hans-zimmer,1DqmjjZWSoD8786dZ0mHWV,"歌っちゃ王 - Can You Feel the Love Tonight(愛を感じて)(カラオケ)[原曲歌手:ELTON JOHN］ (1 tracks, 4 min)",
sp:1tCQC9HuRvujLuSe2sgf2S,live-cream-cream,1tCQC9HuRvujLuSe2sgf2S,"Martin Arteta - Past Lives (1 tracks, 2 min)",
sp:29PSyE1ZD0XUgqm5yqC33x,carmina-burana-orchester-der-deutschen-oper-berlin-chor-der-deutschen-oper-berlin-eugen-jochum-gundula-janowitz-gerhard-stolze-dietrich-fischer-dieskau,29PSyE1ZD0XUgqm5yqC33x,"Carl Orff - Orff: Carmina Burana (25 tracks, 64 min)","Another recording (Hickox / London Symphony), not Jochum."
Album30493,jerusalem-sleep,1vka2f6xOuFJLPOAtagIIO,"The Drowning - Sleep Jerusalem Sleep (7 tracks, 54 min)",
Album652413,so-far-bob-theil,1cBy9wdPhcd0HQpSTe7bmA,"Massimo Faraò, Lorenzo Conte & Bobby Durham - ""Lara's Theme"" & Other Movie Songs (15 tracks, 67 min)",
Album107168,drive-by-the-necks,4ywnOC8PXy8A5BgiZZawUv,"VOLV - They Drive By Night (1 tracks, 3 min)",
sp:12mc6H3V7xyUtxycPiKz88,star-wars-episode-i-the-phantom-menace-john-williams,12mc6H3V7xyUtxycPiKz88,"John Williams - Duel of the Fates (From ""Star Wars Episode I: The Phantom Menace"") (1 tracks, 3 min)",
sp:4QsYvbpqj1FC6jQGYG6pPB,a-day-in-the-life-the-beatles,4QsYvbpqj1FC6jQGYG6pPB,"London String Orchestra - A Day in the Life: The Music of The Beatles (22 tracks, 74 min)",
sp:0vo1E52Ii1yW8aD11Rn7yk,strawberry-fields-forever-the-beatles,0vo1E52Ii1yW8aD11Rn7yk,"The Karaoke Channel - The Karaoke Channel - Sing Strawberry Fields Forever Like the Beatles (2 tracks, 7 min)",
sp:2HGQJZb8cMX6GlLCdNuciB,fugazi-fugazi,2HGQJZb8cMX6GlLCdNuciB,"Babehoven - Fugazi (1 tracks, 4 min)",
sp:0S4GSpFXpymljBbOEtZCUX,minor-threat-minor-threat,0S4GSpFXpymljBbOEtZCUX,"Minority Threat - Minority Threat (6 tracks, 9 min)",
sp:5zK5hMBLhsPSOBkX2LzQX6,mercyful-fate-mercyful-fate,5zK5hMBLhsPSOBkX2LzQX6,"Twinkle Twinkle Little Rock Star - Lullaby Versions of King Diamond & Mercyful Fate (12 tracks, 57 min)",
sp:4Db5w1mFaolDotknFJiteD,i-meshuggah,4Db5w1mFaolDotknFJiteD,"Meshuggah - Destroy Erase Improve (Reloaded) (15 tracks, 76 min)",
sp:7GvIlBDCCgy1xnjpQCLzkY,fall-ride,7GvIlBDCCgy1xnjpQCLzkY,"Afternoon Bike Ride - Before the Fall (1 tracks, 3 min)",
sp:5uV5cai6VPXvq9fmtvlRWn,the-modern-age-the-strokes,5uV5cai6VPXvq9fmtvlRWn,"Theo Katzman - Modern Johnny Sings: Songs in the Age of Vibe (12 tracks, 52 min)",
sp:1E0g1RP7XJem98VuCtRo8X,sortilege-sortilege,1E0g1RP7XJem98VuCtRo8X,"Maurice Ravel - Ravel: L'enfant et les sortilèges, M. 71 & Ma mère l'oye, M. 62 (32 tracks, 72 min)",
sp:0Y7ot7awdB33lDUJtqIS6i,crucify-tori-amos,0Y7ot7awdB33lDUJtqIS6i,"Mary Magdelena - A Tribute to Tori Amos - Crucify (10 tracks, 45 min)",
sp:2AI3nzCa2kgdoiaygVrMIj,demo-brave-little-abacus,2AI3nzCa2kgdoiaygVrMIj,"Romy Wave - Brave (demo) (6 tracks, 20 min)",
sp:3uXN2NZ9v0hrKQ5JsJW0Ff,the-last-dance-disco-inferno,3uXN2NZ9v0hrKQ5JsJW0Ff,"Ether Drift - The Last Dance of Disco (1 tracks, 8 min)",
sp:1R0By8YtMv7XTYOc7tKAWu,everyone-asked-about-you-everyone-asked-about-you,1R0By8YtMv7XTYOc7tKAWu,"Onat Önol - Everyone Asked About You (8 tracks, 33 min)",
sp:5gD4BU64TwXSUldt6tD9H9,this-mortal-coil-this-mortal-coil,5gD4BU64TwXSUldt6tD9H9,"Redemption - This Mortal Coil (17 tracks, 109 min)",
sp:0ffmwwS9EBmpLAgjblX75O,rina-rina-sawayama,0ffmwwS9EBmpLAgjblX75O,"Charli xcx - Beg For You (feat. Rina Sawayama) (3 tracks, 8 min)",
sp:1SLVua74uCqY1cIO4NxD4S,the-nerves-the-nerves,1SLVua74uCqY1cIO4NxD4S,"Innocent Tyler - Shake The Nerves (5 tracks, 16 min)",
sp:5UDAJbDljEo9F1G6JU80EB,mutiny-the-birthday-party,5UDAJbDljEo9F1G6JU80EB,"Dead Kennedys - Mutiny on the Bay (14 tracks, 51 min)",
sp:3ujWbyBHwZjiA9K9Ti9M0A,emperor-emperor,3ujWbyBHwZjiA9K9Ti9M0A,"Marilyn Manson - THE PALE EMPEROR (10 tracks, 52 min)",
sp:4uc7axZwgp3TZ8dVLTZrgs,the-walk-the-cure,4uc7axZwgp3TZ8dVLTZrgs,"Filthy Habits - No Cure / Walk the Walk (2 tracks, 10 min)",
sp:43lTJdWh1mIO5mnQzJhCrY,golpes-bajos-golpes-bajos,43lTJdWh1mIO5mnQzJhCrY,"Julio Chaidez - Golpes Bajos (1 tracks, 3 min)",
sp:40aLMQTxbukx6EckyfWkSM,scratch-acid-scratch-acid,40aLMQTxbukx6EckyfWkSM,"K.L.O. - Acid Scratch (feat. Kursa, Lone Drum & Osmetic) (11 tracks, 36 min)",
sp:10R27xbMQrHEXyvsUXBgTw,wall-of-voodoo-wall-of-voodoo,10R27xbMQrHEXyvsUXBgTw,"Phillip Boa And The Voodooclub - When the Wall of Voodoo Breaks (Deluxe Version) (6 tracks, 28 min)",
sp:56scO5M9TpZ9ateCi0nmDf,negative-approach-negative-approach,56scO5M9TpZ9ateCi0nmDf,"siouxxie sixxsta - negative approach (1 tracks, 2 min)",
sp:7nThwEV875rviPzMvWcWkC,dark-angel-spaceghoztpurrp,7nThwEV875rviPzMvWcWkC,"Space Angel 7 - Dark Queen (10 tracks, 49 min)",
